Dataset,Samples,MAE,RMSE,R²
ADReSS-IS2020,13,3.478125278766339,5.855007433864429,0.6176911748348484
ADReSS-M,19,3.029224395751953,4.774810398148965,0.060245264202328896
ADReSSo21,11,2.695736451582475,3.977429094762115,0.10634313414235219
PITT_CORPUS,65,4.091754883986253,5.7647040427577805,-0.004423967063825307
TAUKADIAL,9,2.3333333333333335,2.516611478423583,-6.125
