Configuration,MAE,RMSE,Accuracy,Macro-F1
A,4.174301,5.909752,0.6743589743589744,0.5105321585536774
L,3.7553947,5.413602,0.6529914529914531,0.46699750934440926
S,4.6575747,6.4046073,0.5564102564102564,0.3981491350682926
A+L,3.5527523,5.148925,0.6991452991452991,0.5590273602020972
L+S,3.8213868,5.5453167,0.6512820512820513,0.4658083874971629
A+S,3.9617531,5.504728,0.6487179487179487,0.5106626104114125
A+L+S,3.6162636,5.192976,0.6931623931623931,0.5415695038326725
A+L+S+E,3.3974545,5.0324893,0.7128205128205127,0.6001086923223211
