True_MMSE,Predicted_MMSE,Dataset,MAE
28.0,12.579658,PITT_CORPUS,15.420342445373535
1.0,15.359659,ADReSS-IS2020,14.359659194946289
28.0,14.637092,ADReSS-M,13.362908363342285
27.0,13.778792,PITT_CORPUS,13.221207618713379
17.0,30.0,ADReSS-IS2020,13.0
28.0,15.083365,PITT_CORPUS,12.916634559631348
30.0,17.89376,PITT_CORPUS,12.106239318847656
18.0,30.0,PITT_CORPUS,12.0
28.0,16.968872,PITT_CORPUS,11.0311279296875
30.0,18.972525,PITT_CORPUS,11.027475357055664
