Word,Conc
暗笑,2.666667
黯然,4.185185
昂首,2.222222
白人,1.62963
绑架,1.777778
榜样,2.777778
迸发,3.807692
裨益,4.125
波折,3.538462
车费,1.407407
充裕,3.153846
打字,1.444444
歹毒,3.074074
待遇,2.703704
抵抗,2.851852
地方,2.5
垫脚,1.884615
短缺,3.333333
对抗,2.925926
发亮,2.0
方言,1.925926
防身,2.814815
非法,2.925926
风俗,2.925926
隔离,2.962963
耕作,2.037037
公厕,1.222222
公演,2.076923
古物,2.148148
挂号,1.851852
怪物,2.925926
光临,2.888889
过渡,3.576923
憾事,3.56
行情,3.192308
痕迹,2.518519
欢迎,2.555556
回答,2.37037
毁灭,3.111111
肌肤,1.5
缉私,3.0
建制,3.791667
鉴定,3.038462
介入,3.076923
晶莹,3.346154
精品,2.814815
竞技,2.444444
可爱,3.0
哭泣,1.925926
夸大,3.185185
朗读,1.62963
犁田,1.576923
炼丹,2.461538
笼统,4.423077
螺丝,1.222222
落后,3.423077
面前,2.884615
描绘,2.962963
瞄准,2.148148
灭口,2.407407
民事,2.884615
飘浮,3.407407
苹果,1.259259
潜艇,1.296296
庆祝,2.807692
求雨,3.0
取景,2.769231
人证,1.884615
桑拿,1.62963
扇贝,1.185185
摄影,2.0
身家,3.296296
师资,2.962963
施展,3.5
石油,1.333333
弑父,2.703704
受训,2.962963
属性,4.259259
署长,2.041667
水池,1.222222
水质,2.923077
丝绸,1.37037
私刑,2.518519
太监,1.703704
倘佯,4.333333
讨好,3.296296
特区,2.32
天资,3.777778
铁门,1.296296
听见,2.37037
推测,3.5
外贸,2.37037
偎依,2.888889
围棋,1.296296
未婚,1.884615
文艺,3.407407
握手,1.444444
无尽,4.36
无人,2.5
溪水,1.222222
鲜花,1.148148
消沉,3.777778
薪俸,2.36
羞耻,3.346154
秀发,1.444444
序列,2.961538
学历,1.888889
雪崩,1.777778
雪糕,1.115385
引燃,2.740741
永久,3.730769
越轨,3.095238
越过,2.777778
晕倒,1.777778
杂物,2.222222
宅院,1.37037
招手,1.703704
中弹,1.925926
重复,2.814815
竹签,1.37037
主席,1.84
状元,1.851852
祖先,2.307692
鳟鱼,1.5
罢工,2.333333
办法,3.259259
帮会,2.444444
包含,4.0
被窝,1.518519
笨重,3.037037
表露,3.76
拨冗,4.142857
菠萝,1.185185
残缺,3.407407
纯朴,3.592593
辍学,2.185185
醋意,3.64
错误,2.851852
搭乘,2.148148
大权,3.296296
胆识,3.925926
地雷,1.740741
叮嘱,2.814815
盾牌,1.740741
多余,3.461538
发出,3.333333
费用,2.259259
拂晓,2.730769
搞鬼,3.615385
哽咽,2.666667
公子,2.076923
贵重,2.962963
还是,4.318182
航线,2.074074
耗材,2.62963
恒心,3.62963
侯门,3.086957
厚道,3.592593
即兴,3.925926
技能,2.962963
歼灭,3.111111
将来,3.692308
拮据,3.111111
锦旗,1.481481
韭菜,1.115385
绝交,3.115385
克服,3.518519
离谱,3.62963
理发,1.62963
辽阔,3.538462
霉菌,2.222222
美观,3.592593
迷雾,2.740741
免责,3.304348
名贵,3.259259
摩托,1.192308
男士,1.37037
泥鳅,1.185185
奴才,2.37037
糯米,1.222222
派驻,3.185185
泡菜,1.481481
坡道,1.777778
扑救,3.074074
朴素,3.666667
期货,2.96
气氛,4.037037
气色,3.259259
前任,2.36
前夕,3.185185
切片,2.5
轻蔑,3.592593
清除,2.961538
确保,3.5
人品,3.703704
仁爱,3.481481
任教,2.884615
容易,3.407407
糅合,3.68
纱窗,1.259259
山脉,1.518519
设计,3.259259
生物,2.703704
受刑,2.777778
赎身,2.888889
水饺,1.296296
顺产,1.962963
岁月,3.962963
探望,2.703704
提供,3.333333
剃刀,1.481481
天桥,1.518519
瞳孔,1.481481
脱节,3.692308
鸵鸟,1.259259
伪造,3.185185
尾灯,1.777778
文凭,1.925926
西部,3.038462
牺牲,3.08
洗冤,3.5
细腻,3.925926
细致,3.730769
下层,3.346154
险境,3.185185
像样,3.96
小偷,1.703704
心理,3.5
型号,2.653846
修订,2.615385
血压,2.037037
阳光,1.703704
因素,3.884615
阴险,3.653846
影展,1.958333
鱼饵,1.703704
远亲,2.481481
越洋,3.0
在意,3.740741
择偶,2.615385
展露,3.269231
珍重,3.592593
整理,2.538462
种植,2.333333
株连,3.846154
专业,2.923077
遵守,3.307692
肮脏,3.21875
胞弟,1.625
备用,3.0625
奔放,3.71875
笔划,1.818182
鞭策,3.606061
辩论,2.848485
标志,2.625
缤纷,3.733333
并重,4.074074
博学,3.787879
残酷,3.363636
常见,3.21875
怅然,3.935484
吃苦,3.121212
齿轮,1.666667
抽筋,2.151515
闯祸,2.78125
撮合,3.1875
打仗,2.15625
低音,2.454545
底片,2.030303
恫吓,3.59375
赌徒,1.939394
厄运,3.5625
噩梦,3.181818
儿童,1.424242
发扬,3.727273
反扑,3.580645
方法,3.454545
诽谤,3.393939
伏特,3.0625
改观,3.69697
干杯,2.060606
干劲,3.4375
告发,3.060606
估价,2.939394
骨头,1.606061
怪诞,3.967742
关节,1.666667
过程,3.484848
还手,2.69697
号称,3.419355
合作,2.75
核对,2.575758
烘烤,1.939394
华裔,1.65625
魂魄,4.4
极品,3.5625
加工,2.515152
假扮,2.969697
解梦,3.909091
巾帼,2.71875
晋见,3.096774
精确,2.939394
旧制,3.096774
看到,2.151515
渴望,3.515152
蓝天,1.515152
勒令,3.064516
联赛,2.121212
凌厉,3.69697
羚羊,1.151515
绿洲,1.96875
冒雨,2.181818
没趣,3.677419
猛兽,2.212121
蘑菇,1.242424
陌生,3.375
内功,3.870968
排球,1.333333
炮火,1.878788
切割,2.363636
秦朝,1.75
取消,2.6875
全国,2.212121
确定,2.454545
少女,1.878788
审查,2.909091
失手,3.181818
收服,3.1875
手笔,3.233333
手枪,1.212121
束缚,3.69697
竖立,2.848485
甩开,3.151515
苏打,1.84375
素材,2.878788
算数,2.78125
隧道,1.454545
塔顶,1.545455
太好,3.645161
天敌,2.878788
吞吐,3.272727
挽回,3.272727
危险,3.060606
胃酸,1.939394
文件,1.909091
卧底,2.4375
喜讯,2.606061
衔接,3.225806
现实,3.030303
享用,3.090909
消极,3.818182
小我,3.862069
孝敬,2.878788
星光,2.242424
哑铃,1.212121
眼花,3.181818
演讲,2.060606
燕窝,1.484848
养育,3.121212
药厂,1.515152
椰子,1.272727
夜景,2.242424
腋下,1.515152
义气,3.71875
驿站,2.212121
有心,3.757576
越狱,2.0
早报,1.787879
质问,3.151515
赘言,3.357143
钻探,2.666667
奥运,2.121212
搬运,1.939394
宝座,2.424242
抱怨,3.545455
悲剧,3.757576
便衣,2.666667
餐桌,1.272727
侧重,3.757576
差额,3.032258
孱弱,3.59375
沉痛,3.69697
代理,2.939394
弹性,3.424242
登录,2.25
地牢,2.0
递补,3.428571
肚脐,1.393939
队形,2.03125
防守,2.727273
分心,3.363636
干洗,2.0
攻守,3.060606
鼓掌,1.787879
刮风,1.848485
官长,2.233333
管乐,2.181818
广播,1.909091
鬼混,4.0
囫囵,3.935484
花蜜,1.939394
化石,1.575758
环保,2.969697
急救,2.151515
忌日,2.21875
寄托,4.0
家庭,2.181818
尖端,3.15625
检讨,2.787879
见笑,3.727273
缴械,2.636364
戒毒,1.909091
紧急,3.21875
进取,3.484848
禁毒,2.333333
境界,4.25
纠缠,3.545455
久远,3.30303
臼齿,1.866667
剧本,1.909091
绝望,3.575758
犒劳,3.212121
可靠,3.363636
可取,3.258065
空隙,2.84375
来源,3.151515
蓝图,3.5625
寥寥,4.030303
镣铐,1.939394
轮奸,2.0
屡次,3.193548
麻烦,3.28125
麦田,1.545455
卖力,3.272727
茂密,3.151515
眉笔,1.333333
门徒,2.375
迷惘,4.16129
免税,2.151515
拇指,1.272727
能量,3.636364
念书,1.939394
皮蛋,1.333333
平民,2.03125
凄凉,3.8125
期望,3.939394
起初,3.375
抢救,2.1875
清贫,3.151515
丘脑,2.714286
劝导,3.272727
劝告,3.090909
瘸腿,1.636364
认真,3.30303
日出,1.666667
冗长,3.6875
升值,3.0
生活,3.272727
圣灵,4.3
圣言,3.733333
试探,3.393939
赎罪,3.34375
水手,1.727273
瞬间,3.666667
叹息,2.787879
贴现,3.074074
伟大,3.848485
屋子,1.515152
熄灭,2.424242
鲜嫩,2.969697
闲话,2.939394
详尽,3.30303
向上,2.71875
胸襟,3.84375
雄辩,3.1875
雄姿,3.454545
巡回,3.181818
训斥,2.848485
延误,3.09375
研发,3.0625
仰卧,1.757576
野蛮,3.454545
衣架,1.121212
疫情,2.606061
婴儿,1.242424
影子,2.212121
永眠,3.30303
诱惑,3.727273
展示,2.909091
正职,2.34375
支持,2.969697
职员,1.727273
重婚,2.060606
诸侯,2.393939
哀号,2.777778
鹌鹑,1.333333
版本,2.777778
伴奏,2.269231
必修,2.423077
搏斗,1.777778
不便,3.703704
裁缝,1.481481
苍蝇,1.153846
茶几,1.333333
蝉鸣,1.666667
抄家,2.615385
赤脚,1.740741
抽象,4.423077
除非,3.538462
船员,1.481481
大人,2.555556
盗版,2.653846
登岸,2.269231
堤岸,1.923077
电信,2.576923
钓鱼,1.481481
叠加,3.0
洞察,3.269231
对待,3.48
多嘴,3.0
耳朵,1.222222
发福,2.5
废墟,2.111111
高层,2.84
高攀,3.185185
根本,3.791667
购入,2.592593
寡言,3.076923
滚烫,2.291667
国际,3.037037
行政,2.962963
航空,2.148148
慌张,2.925926
机器,2.111111
纪录,2.518519
纪律,2.851852
加入,3.115385
具体,3.115385
刻板,3.222222
客气,3.0
苦力,2.592593
亏待,3.384615
缆车,1.592593
黎民,2.625
历法,2.814815
立法,2.666667
痢疾,2.333333
林木,1.740741
琉璃,1.846154
名流,3.555556
凝固,2.555556
奴婢,2.185185
女巫,1.961538
盘算,3.115385
滂沱,3.68
嫖客,1.777778
票数,2.185185
平衡,2.888889
剖开,2.576923
乞食,2.384615
前进,2.37037
腔调,3.0
强盗,1.692308
亲近,3.111111
禽兽,2.692308
清点,3.074074
蚯蚓,1.333333
扰乱,3.222222
设法,3.37037
摄政,3.230769
声誉,3.333333
湿地,2.0
誓约,3.222222
手表,1.259259
私立,2.76
岁数,1.962963
贪心,3.111111
探究,3.703704
恬静,3.407407
填鸭,3.75
外向,3.615385
王储,2.307692
问题,3.115385
喜乐,2.666667
细小,2.777778
相识,3.37037
硝酸,1.62963
斜视,2.481481
星际,3.192308
幸好,3.269231
雪莱,2.904762
巡警,1.666667
药丸,1.592593
野人,2.074074
宜人,3.703704
译名,3.230769
银幕,2.259259
银牌,1.62963
鹦鹉,1.222222
幽会,3.074074
淤血,2.518519
欲望,3.703704
约数,3.48
阅兵,1.888889
栈道,2.185185
掌权,3.333333
丈夫,1.461538
振荡,3.074074
整数,2.37037
脂肪,1.923077
直播,1.851852
钟表,1.259259
重力,3.185185
注目,3.481481
状态,3.962963
捉摸,3.851852
走廊,1.888889
走私,2.884615
把关,3.62963
保值,3.75
表现,3.518519
蹩脚,3.25
插嘴,3.0
柴火,1.925926
沉迷,3.407407
称霸,3.444444
成绩,2.555556
冲突,3.074074
虫卵,1.888889
存款,1.777778
大意,3.444444
单据,2.444444
淡忘,3.518519
弹药,2.111111
抵赖,3.481481
地图,1.518519
点数,3.04
胴体,2.88
恶霸,2.37037
法官,1.653846
仿效,3.481481
绯红,3.296296
肥胖,2.148148
沸腾,2.851852
风情,3.777778
福音,3.615385
府第,2.68
复仇,3.037037
刚强,3.333333
供奉,3.407407
鼓手,1.851852
灌注,3.384615
诡辩,3.807692
还原,3.72
毫米,2.333333
壕沟,2.653846
好处,3.444444
好动,3.148148
号角,2.592593
荷花,1.423077
横行,3.64
红包,1.851852
麾下,3.423077
激动,3.185185
肩头,2.0
缴税,2.296296
节奏,3.259259
今晚,1.615385
紧凑,3.185185
紧张,3.111111
进贡,2.851852
惊奇,3.0
就业,2.444444
距离,2.481481
靠山,3.074074
可恨,3.296296
空姐,1.576923
两性,3.111111
潦草,3.307692
临时,3.703704
买家,2.592593
毛孔,1.925926
没法,4.038462
面临,3.592593
面谈,2.703704
苗圃,2.384615
木瓜,1.555556
忸怩,3.541667
品尝,2.962963
屏弃,3.72
奇艺,3.52
权衡,3.592593
拳击,2.037037
容器,2.0
容颜,2.851852
软禁,3.037037
赛跑,1.846154
三国,2.5
食指,1.518519
仕途,3.111111
手巾,1.888889
手巧,3.481481
手足,2.653846
栓塞,3.041667
松树,1.518519
特色,3.37037
添置,3.115385
铁匠,1.62963
外族,2.851852
吸毒,1.740741
下场,3.444444
下沉,3.185185
逍遥,3.961538
效能,3.576923
循环,3.333333
雅号,3.5
岩浆,2.153846
眼罩,1.692308
演出,2.259259
引用,3.555556
隐藏,3.0
有用,3.592593
迂回,3.52
渊博,3.384615
圆满,3.555556
远古,3.185185
月饼,1.444444
运用,3.333333
杂务,3.074074
占领,3.185185
阵营,2.851852
震撼,3.777778
植物,2.0
中等,3.148148
中外,3.444444
肿瘤,2.04
转动,2.884615
庄园,1.962963
自杀,2.148148
走红,3.518519
作品,2.222222
掰开,1.961538
饱和,3.076923
保健,2.961538
必然,2.807692
扁平,2.076923
冰川,1.423077
颤抖,2.423077
陈腐,3.5
陈列,2.576923
成功,3.461538
弛缓,3.36
充足,3.192308
出战,2.28
锄头,1.076923
橱窗,1.076923
揣摩,3.692308
传热,2.96
蹉跎,3.92
错失,3.08
大学,1.68
档次,3.0
荡妇,2.538462
到处,3.692308
得到,2.769231
顶替,2.423077
毒药,1.807692
废置,2.48
芬芳,3.538462
粉饰,3.36
缝纫,1.884615
干爽,2.807692
公平,3.461538
功能,2.807692
构想,3.807692
姑息,4.076923
骸骨,1.538462
害虫,1.846154
和约,2.384615
回条,3.157895
回信,1.961538
婚宴,1.576923
火腿,1.076923
货币,1.769231
级数,3.166667
家具,1.769231
进账,2.730769
惊慌,3.730769
静音,2.192308
酒量,3.653846
拘泥,3.923077
军事,2.692308
看守,2.88
客厅,1.5
离子,3.36
粒子,3.076923
粮食,1.96
猎物,2.52
隆冬,2.96
鲁钝,3.791667
迷人,3.807692
妙龄,3.28
摩擦,3.230769
年龄,1.846154
黏性,2.76
篇幅,3.16
平原,1.807692
起床,1.769231
器皿,1.923077
曲线,2.615385
娶亲,1.884615
惹事,3.076923
杀气,4.2
沙石,1.230769
神秘,4.230769
守则,3.038462
受伤,2.307692
双向,3.0
死者,1.56
诵读,2.076923
俗气,3.846154
台词,1.846154
摊牌,2.708333
碳酸,2.083333
烫伤,1.884615
逃跑,2.192308
退休,1.961538
拖车,1.423077
脱水,2.384615
外务,3.5
威风,4.038462
卫冕,2.708333
慰问,2.807692
文士,2.391304
先河,3.304348
相反,2.961538
相扑,1.84
相同,2.75
校际,3.428571
谢谢,2.576923
心底,3.791667
信步,3.52381
修理,2.615385
选民,1.923077
仪器,1.730769
银河,2.615385
荧幕,1.846154
雍容,3.846154
由此,3.454545
鱼网,1.192308
遇害,2.269231
冤狱,2.88
圆形,1.653846
责罚,2.653846
展览,2.076923
找寻,2.68
征服,3.384615
正门,1.846154
知觉,3.423077
滞留,2.538462
专家,2.346154
宗派,2.692308
罪恶,3.192308
作答,2.68
座落,2.346154
安抚,3.461538
薄冰,2.192308
宝贝,3.2
碑文,1.461538
背影,1.692308
兵法,2.807692
剥夺,3.0
不惜,4.041667
餐饮,2.076923
陈旧,2.769231
撑腰,2.923077
赐教,3.2
打扮,2.307692
呆滞,2.961538
挡路,2.115385
地契,1.307692
雕琢,2.346154
迭起,3.681818
读书,1.961538
杜绝,2.961538
渡过,3.08
断交,2.692308
对称,2.153846
鹅蛋,1.115385
恩赐,3.346154
发蜡,1.538462
方式,3.64
方位,2.884615
芳香,3.038462
分内,3.434783
分神,3.384615
分摊,2.538462
更换,2.461538
公布,2.461538
功率,2.269231
攻打,2.423077
恭候,2.923077
管理,3.192308
光度,3.0
后退,2.538462
呼喊,1.961538
黄河,1.153846
伙伴,1.961538
极刑,2.8
减肥,2.730769
见报,2.652174
健忘,2.961538
角色,2.692308
绞刑,1.615385
揭发,2.653846
劫匪,1.538462
结婚,1.653846
金粉,2.0
纠纷,3.0
剧烈,3.538462
开胃,3.115385
空气,2.115385
狼狗,1.153846
累死,3.384615
立功,2.769231
林荫,2.038462
领事,2.28
露骨,3.269231
露营,1.884615
绿茶,1.461538
麻木,3.96
面对,3.115385
名模,2.0
母校,1.653846
木船,1.153846
纳妾,2.038462
纽扣,1.153846
派出,2.916667
判刑,2.5
叛国,2.346154
胖子,2.038462
贫乏,3.346154
聘请,2.461538
起立,1.807692
缱绻,3.2
亲友,1.961538
轻松,3.192308
秋天,1.653846
囚室,1.461538
全校,2.038462
妊娠,1.923077
闪避,2.807692
善恶,3.88
社工,1.923077
饰演,2.653846
首先,2.923077
兽欲,3.538462
输光,2.769231
水果,1.730769
说服,3.038462
送命,3.076923
蒜头,1.307692
挽留,3.230769
午夜,2.076923
峡谷,1.692308
宪制,2.782609
写字,1.615385
新娘,1.230769
虚构,3.384615
药理,3.307692
要挟,3.076923
意欲,3.826087
因子,3.36
阴道,1.461538
银两,1.5
英明,3.615385
预兆,3.36
圆周,2.12
遭遇,3.115385
摘要,2.423077
掌声,1.615385
爪牙,2.384615
之类,3.85
中央,2.423077
终年,2.769231
自负,3.692308
组成,3.269231
钻孔,1.923077
哀求,2.555556
罢课,1.583333
白话,2.638889
颁奖,1.583333
半圆,1.444444
背心,1.916667
必经,3.285714
庇护,3.027778
表面,2.555556
不良,3.138889
不配,3.114286
偿还,2.194444
扯谎,2.714286
粗心,3.138889
淡漠,3.388889
盗用,2.5
点燃,2.0
鼎立,3.277778
对岸,2.142857
恶梦,2.777778
反应,3.333333
放心,3.166667
分子,2.676471
风速,2.166667
封面,1.722222
锋芒,3.555556
概率,3.2
公园,1.388889
共和,3.515152
共聚,3.352941
勾结,3.027778
关口,2.666667
冠名,2.705882
光盘,1.416667
行星,1.722222
合同,1.611111
花红,3.264706
换班,2.166667
吉凶,3.583333
疆界,1.972222
金矿,1.416667
颈椎,1.416667
敬重,3.416667
纠察,3.176471
快乐,3.285714
筷子,1.194444
困扰,3.5
浪漫,3.722222
老练,3.542857
历届,2.25
恋人,1.694444
嶙峋,3.685714
流血,1.583333
隆起,2.416667
每天,1.694444
明白,2.638889
飘忽,3.666667
拚搏,2.942857
平凡,3.111111
平行,2.222222
企图,3.333333
启程,2.75
汽油,1.222222
谴责,3.277778
情书,1.777778
情绪,3.514286
群情,3.84375
热带,2.028571
人才,2.583333
仁义,3.583333
日食,1.555556
软件,1.916667
摄制,2.151515
石刻,2.111111
手球,1.714286
抒情,3.388889
竖琴,1.333333
双亲,1.361111
速递,2.25
算盘,1.805556
烫金,2.085714
特产,2.277778
特约,3.294118
天生,2.972222
天线,1.361111
填写,2.083333
停步,2.083333
痛快,3.257143
汪洋,2.428571
王冠,1.527778
网页,1.611111
微观,3.611111
文静,3.257143
文明,3.611111
武艺,2.611111
瞎眼,2.485714
下课,1.611111
线索,3.057143
孝子,2.388889
信函,1.555556
兴衰,3.472222
休假,1.828571
修长,2.75
巡视,2.388889
殉职,1.8
延期,2.333333
沿岸,1.972222
引进,2.735294
影像,2.166667
应急,2.861111
原野,2.342857
阅读,2.0
云端,3.222222
赃物,1.944444
栅栏,1.583333
战祸,3.111111
照片,1.444444
照相,1.638889
振动,2.222222
指纹,1.333333
主帅,1.722222
装饰,2.388889
自修,3.09375
诅咒,3.666667
薄情,3.722222
编号,1.75
变卖,2.657143
濒临,3.685714
参加,2.628571
惨叫,2.277778
产假,1.457143
抽签,1.861111
出动,2.636364
锉刀,1.388889
打气,2.722222
倒贴,2.944444
低声,2.277778
嘀咕,2.485714
典型,3.361111
逗笑,2.6
断绝,3.142857
恶魔,3.114286
方向,2.722222
飞车,2.055556
分发,2.555556
斧头,1.222222
各位,2.647059
功夫,2.861111
鼓膜,1.882353
寡人,2.485714
合办,3.0
洪亮,3.027778
虎年,1.942857
会计,1.527778
机智,3.111111
角落,2.142857
教师,1.361111
今朝,2.611111
今日,1.777778
京城,1.694444
惊动,3.2
旧友,2.277778
局部,2.888889
空袭,2.0
口红,1.342857
赖账,2.514286
冷漠,3.514286
离开,2.352941
联盟,2.555556
溜冰,1.75
流转,3.058824
蒙面,2.0
弥补,3.257143
庙会,1.916667
名画,1.777778
奶妈,1.514286
耐心,3.611111
南北,2.055556
年报,1.8
怕羞,3.444444
品格,3.694444
迫近,3.441176
破案,2.294118
欺骗,3.055556
欺压,3.138889
奇闻,2.970588
情调,3.694444
屈辱,3.4
全面,3.057143
让开,2.514286
饶舌,2.885714
任意,3.529412
融洽,3.416667
肉麻,3.6
乳酸,1.916667
软化,3.194444
杀手,2.111111
山涧,2.111111
山林,1.833333
上市,2.777778
上学,1.685714
舍监,2.3
深切,3.666667
神经,3.057143
书店,1.472222
抒发,3.657143
水草,1.388889
朔望,3.903226
思潮,3.828571
特殊,3.735294
天鹅,1.472222
同时,3.028571
文化,3.514286
窝囊,3.676471
无形,4.028571
悉心,3.441176
侠盗,2.444444
侠义,3.583333
瑕疵,3.111111
下厨,2.114286
先知,3.40625
携手,2.882353
心软,3.638889
修行,3.416667
袖珍,2.685714
选美,2.527778
学徒,1.833333
压迫,3.444444
氧气,1.583333
议会,2.138889
意图,3.361111
音响,1.472222
用电,2.228571
优惠,2.638889
郁闷,3.571429
栽种,1.972222
糟糕,3.527778
寨主,1.805556
瞻仰,3.194444
战士,1.75
长者,2.194444
涨价,2.388889
振兴,3.142857
征兵,2.027778
挣扎,3.138889
竹叶,1.444444
尊严,3.555556
板块,3.0
帮忙,2.16
帮助,2.28
抱病,2.652174
变通,3.36
彪炳,3.555556
槟榔,1.24
濒危,2.56
病院,2.043478
补偿,2.44
裁决,2.64
采集,2.4
参半,3.12
插曲,2.458333
彻底,2.76
陈设,2.64
城市,1.76
持平,2.68
仇恨,2.75
垂直,1.8
打烊,1.791667
诞生,2.16
敌方,1.88
帝国,2.76
递交,2.44
毒箭,1.916667
赌博,1.92
堆积,2.708333
反抗,2.24
芳心,3.16
防毒,2.666667
非常,3.333333
匪徒,1.56
分类,2.48
风尚,3.76
凤凰,1.96
甘油,1.44
共犯,2.36
观摩,2.68
灌输,3.16
规格,2.434783
柜台,1.48
国防,2.44
葫芦,1.32
户外,2.32
华丽,3.48
欢送,2.52
环绕,2.583333
回报,2.92
获得,2.541667
获悉,2.826087
积聚,3.08
记性,2.909091
枷锁,2.96
角逐,3.166667
借据,1.76
斤两,2.6
经验,3.36
净赚,2.44
敬佩,3.36
究竟,3.45
郡主,1.96
冷藏,2.0
冷静,3.04
廉耻,3.08
录用,1.96
马桶,1.2
蟒蛇,1.12
梅雨,2.28
米粉,1.2
米酒,1.32
内应,2.791667
拟人,3.875
培育,3.08
媲美,3.291667
趋势,3.521739
取材,3.041667
确切,3.25
收监,2.0
手工,1.782609
水路,1.833333
说教,3.32
太庙,2.083333
坦白,2.875
炭疽,2.5
套用,3.583333
天才,3.041667
天价,3.24
甜蜜,3.166667
铁锈,1.48
偷窥,2.375
弯腰,1.52
腕力,2.68
为此,3.888889
围巾,1.36
卫生,2.96
无业,2.28
舞台,1.84
戏剧,2.12
现况,3.12
享福,3.4
谢绝,2.541667
新春,2.48
虚弱,3.0
牙齿,1.2
胭脂,1.96
演习,2.333333
仰赖,3.608696
腰包,2.24
遥远,3.4
叶子,1.44
衣袖,1.4
遗忘,3.08
颐养,3.73913
倚靠,3.0
油价,1.96
幼虫,1.84
猿猴,1.36
掌握,3.333333
招生,2.44
植入,3.130435
治愈,2.916667
中奖,2.04
字画,1.52
傲慢,3.36
备注,2.92
背景,3.24
便当,1.958333
病床,1.6
差价,2.64
产地,2.2
昌盛,3.72
诚信,3.08
充血,2.608696
道具,1.76
动能,3.541667
房租,1.8
放逐,3.32
飞机,1.36
封杀,3.28
孵化,3.2
改变,3.56
高兴,2.666667
歌曲,1.92
格外,3.869565
拱桥,1.76
寡妇,1.68
管束,3.458333
光鲜,3.84
鬼才,3.666667
航海,2.04
互信,3.68
花式,3.826087
汇报,2.68
计谋,3.25
妓女,1.64
将令,2.772727
浆糊,1.958333
交谈,2.6
交友,2.92
娇小,2.6
骄子,3.521739
节约,3.04
今年,1.791667
金表,1.32
静止,2.84
巨人,2.28
俱全,3.666667
决裂,3.08
绝食,2.208333
均等,3.26087
客栈,1.68
恐龙,1.64
口供,2.458333
苦难,3.6
来世,3.708333
赖皮,3.0
牢房,1.56
乐队,1.68
雷达,1.68
利用,3.84
谅解,3.25
临摹,2.5
领先,3.2
路线,2.36
贸易,2.88
梅花,1.32
美化,3.708333
门帘,1.48
闷热,2.64
灭亡,2.8
民心,3.28
名称,2.32
明镜,2.772727
莫名,4.0
母鸡,1.24
纳粹,2.583333
疱疹,1.708333
起跑,2.68
气功,2.75
躯体,1.76
曲直,3.24
蜷曲,2.791667
染病,2.64
辱骂,2.32
入口,2.291667
散会,2.08
少许,3.333333
伸张,3.16
石窟,1.72
驶离,2.583333
授予,2.72
术语,2.791667
水流,2.08
铁定,3.625
铁路,1.36
外界,3.12
玩弄,3.478261
卫星,1.48
物理,3.12
相隔,3.217391
详情,2.92
鞋底,1.48
泻药,1.76
兴奋,2.958333
兴盛,3.44
休业,2.416667
羞涩,2.84
秀丽,3.36
厌倦,3.0
羊羔,1.56
妖怪,3.08
摇滚,2.8
野草,1.8
衣饰,2.0
引力,3.125
应酬,2.88
泳镜,1.4
诱骗,3.2
远离,2.791667
长寿,2.44
职级,2.583333
制造,2.48
众多,3.36
注资,2.666667
自由,3.6
作者,1.8
安定,3.055556
按压,1.944444
昂贵,2.371429
摆布,3.142857
报纸,1.085714
毕竟,3.852941
避孕,1.583333
编录,2.371429
步伐,2.027778
操场,1.194444
岔路,1.916667
抄查,2.848485
超龄,2.558824
赤字,2.666667
传播,2.888889
船舱,1.361111
大腿,1.277778
弹奏,2.055556
灯塔,1.472222
滴水,1.971429
掉换,2.944444
定夺,3.323529
斗嘴,2.166667
豆奶,1.194444
恩师,1.777778
法院,1.361111
封闭,2.888889
苟同,3.885714
挂钟,1.361111
棺材,1.222222
管道,1.611111
光圈,2.75
广义,4.15625
锅炉,1.527778
还有,3.625
黑客,2.472222
欢乐,2.888889
谎言,3.138889
贿赂,2.25
浑蛋,3.114286
决定,2.771429
卡通,2.277778
开枪,1.6
客人,1.638889
空中,2.444444
拉力,3.114286
礼法,3.527778
礼堂,1.666667
利诱,3.472222
连续,3.457143
零时,2.166667
领情,3.277778
龙门,3.807692
沦陷,3.454545
落泪,1.583333
朦胧,3.944444
迷惑,3.628571
绵羊,1.361111
那年,3.416667
浓缩,3.194444
皮毛,2.228571
匹夫,3.314286
票房,2.361111
评测,2.833333
气窗,2.484848
千金,2.542857
抢夺,2.583333
轻视,3.111111
圈子,3.457143
泉水,1.472222
热力,3.060606
入选,2.722222
鲨鱼,1.285714
上司,1.888889
生还,2.944444
圣火,2.638889
实在,3.285714
柿子,1.111111
收支,2.361111
挑夫,2.083333
通车,2.285714
退出,2.470588
网址,1.777778
望见,3.147059
蜗牛,1.257143
戏弄,3.555556
细胞,1.972222
下限,3.5
校友,1.611111
心病,3.705882
辛酸,3.485714
许愿,3.305556
蓄意,3.485714
漩涡,2.352941
牙缝,2.055556
仪式,3.027778
疫区,2.5
优化,3.583333
有机,3.363636
余兴,3.866667
渔船,1.277778
舆论,3.277778
原告,1.6
宰割,3.205882
造成,3.411765
樟脑,1.818182
昭示,3.205882
着重,3.527778
针对,3.285714
砧板,1.411765
争论,2.805556
蒸馏,2.314286
正方,2.771429
正规,3.0
纸杯,1.333333
智能,3.388889
钟情,3.529412
主人,2.0
主意,3.194444
主宰,3.166667
琢磨,3.527778
姊妹,1.555556
棕榈,1.676471
最终,3.1875
安心,3.277778
包揽,3.416667
包扎,1.583333
弊病,3.527778
博士,1.944444
餐厅,1.277778
残留,3.166667
耻辱,3.333333
抽血,1.5
惆怅,4.194444
筹款,2.222222
出院,1.722222
触电,1.861111
从前,3.277778
打手,2.205882
单纯,3.527778
登报,1.771429
掉头,1.909091
顶住,2.969697
丢弃,2.611111
督促,3.138889
笃定,3.5
儿歌,1.722222
发芽,1.939394
放宽,3.085714
飞弹,2.235294
菲薄,3.971429
分外,4.060606
风景,2.228571
服饰,1.75
驸马,1.805556
干燥,2.722222
钢琴,1.194444
跟进,3.333333
篝火,1.638889
古老,3.361111
股息,2.6875
光耀,3.794118
棍棒,1.611111
好久,3.888889
河床,2.371429
贺礼,2.111111
黑发,1.472222
红尘,4.176471
红叶,1.514286
鸿沟,3.771429
怀抱,2.441176
惶恐,3.805556
毁约,2.583333
浇灌,2.171429
矫正,2.777778
结果,2.888889
近亲,2.361111
敬酒,2.027778
拘束,3.571429
局长,1.742857
句子,2.027778
倦怠,3.583333
空想,3.888889
控告,2.555556
口试,2.305556
乐天,3.764706
类似,3.647059
流氓,2.222222
漏斗,1.638889
陆军,1.6
冒险,3.25
眉目,2.444444
末代,3.0
内阁,2.515152
逆流,2.885714
诺言,3.5
趴下,1.777778
庞大,3.057143
旁边,2.529412
刨冰,1.833333
破财,2.944444
绮丽,3.833333
窃听,2.222222
燃烧,2.057143
认识,2.972222
若干,3.794118
色情,2.685714
霎时,3.411765
胜负,2.470588
石灰,1.416667
示意,3.114286
收条,1.742857
手肘,1.444444
首航,2.333333
输入,2.361111
水压,2.222222
索引,2.527778
太极,2.527778
唐突,3.611111
条件,3.028571
统计,2.666667
土气,3.485714
婉拒,3.361111
袭击,2.514286
下棋,1.571429
现身,2.628571
效用,3.228571
醒目,3.111111
性感,3.361111
丫头,2.2
押送,2.485714
炎夏,2.444444
钥匙,1.166667
忧虑,3.666667
游泳,1.527778
远航,2.857143
云海,2.888889
澡堂,1.361111
长处,2.972222
着火,1.805556
真迹,2.638889
郑重,3.428571
之际,4.03125
知己,3.111111
质疑,3.342857
中医,1.722222
注册,2.416667
哀痛,2.966667
白色,1.633333
背弃,3.172414
本校,1.933333
笨蛋,2.6
壁虎,1.4
变化,3.62069
别称,3.0
波纹,2.8
草地,1.3
畅销,3.1
成亲,1.966667
驰骋,3.2
充分,3.733333
崇拜,3.933333
初赛,2.233333
传颂,3.466667
船主,1.566667
垂柳,1.6
辞典,1.666667
错觉,3.766667
打量,3.233333
大义,3.933333
担忧,3.3
岛屿,1.3
地位,3.6
弟兄,1.866667
东方,2.551724
董事,2.107143
法案,2.366667
分母,2.3
愤慨,3.233333
芙蓉,2.2
概念,4.1
甘心,3.9
刚毅,3.5
古堡,1.466667
骨气,3.933333
含义,4.0
好像,4.214286
合唱,1.8
恒星,1.7
互补,3.633333
回赠,2.866667
昏倒,1.866667
火车,1.133333
记录,2.533333
间断,3.551724
碱性,2.466667
交配,2.137931
教徒,1.9
井底,2.033333
居留,2.964286
拒捕,2.133333
空心,2.678571
里头,3.357143
浏览,2.566667
掳掠,2.933333
露天,2.0
履带,2.178571
率领,3.137931
蜜月,2.766667
名医,2.033333
内衣,1.366667
孽障,3.633333
泡沫,2.517241
凭据,2.466667
漆黑,2.366667
情侣,1.466667
让位,2.9
日本,1.2
冗员,3.178571
乳酪,1.366667
山沟,1.633333
闪亮,3.1
讪笑,2.896552
绅士,2.344828
生意,2.533333
失去,3.4
师傅,1.9
市场,2.866667
顺利,3.4
司法,2.793103
寺院,1.6
送行,2.433333
提拔,3.0
天文,2.333333
听命,3.241379
投身,3.517241
秃头,1.37931
驼背,1.333333
王法,3.1
文武,2.965517
问卷,1.633333
窝藏,3.166667
屋顶,1.4
无边,4.266667
献花,2.241379
小说,1.866667
鞋子,1.266667
写生,2.766667
薪水,1.8
幸会,3.566667
绣花,1.866667
询问,2.533333
依旧,3.833333
已经,3.833333
因此,3.689655
硬汉,2.4
邮票,1.366667
寓言,3.206897
原作,2.2
月薪,1.733333
杂念,3.833333
再婚,1.933333
在逃,2.733333
榨取,3.310345
崭新,2.9
正轨,3.448276
至今,3.433333
仲裁,2.7
烛光,1.833333
住址,1.733333
总务,3.275862
薄荷,1.766667
本质,3.766667
笔名,1.9
并用,3.333333
不安,3.533333
不法,3.517241
不均,3.766667
采取,3.366667
操作,2.6
潮汐,1.866667
成见,3.466667
穿透,3.1
簇拥,2.933333
存在,3.333333
代劳,3.1
代替,2.9
带走,2.366667
导师,1.4
祷告,2.966667
等候,2.733333
掉包,2.392857
谍报,2.466667
钉鞋,1.724138
短跑,1.5
多事,3.862069
发功,3.785714
发音,2.633333
反悔,3.266667
返航,2.2
饭菜,1.7
范本,2.3
房东,1.366667
焚化,2.3
蜂鸟,1.366667
奉劝,3.266667
付钱,1.766667
鼓声,1.833333
故事,2.6
广博,3.965517
海浪,1.533333
好评,2.633333
患难,3.3
浑浊,3.233333
甲等,3.137931
饺子,1.233333
教会,1.896552
借鉴,3.344828
经理,1.933333
警告,2.9
径赛,2.034483
具备,3.833333
崛起,3.633333
苛刻,3.633333
跨越,3.166667
困惑,3.833333
罹难,3.034483
丽人,2.733333
裂缝,1.896552
灵气,4.133333
零食,1.633333
留下,2.933333
硫酸,1.433333
路牌,1.5
落入,3.233333
帽子,1.233333
没落,3.566667
面条,1.266667
民主,4.1
木材,1.566667
木屐,1.5
恼恨,3.733333
念旧,3.766667
捏造,3.62069
女友,1.6
徘徊,3.533333
配乐,2.233333
评分,2.4
屏风,1.533333
欺诈,3.033333
奇迹,4.0
敲门,1.8
侵蚀,3.206897
情感,3.7
曲率,3.074074
认领,2.766667
散心,2.7
山脊,1.6
商机,3.1
奢侈,3.466667
神似,4.310345
圣坛,2.433333
时钟,1.333333
受到,3.928571
书院,1.5
舒展,3.333333
思维,4.266667
碎石,1.689655
泰文,1.37931
探戈,1.896552
同名,2.448276
囤积,2.896552
完全,3.896552
乌鸦,1.133333
相公,1.586207
消灭,3.366667
校正,3.1
淹没,2.833333
义工,1.633333
荫凉,2.433333
音速,2.666667
饮泣,3.076923
印度,1.166667
迎战,2.7
云霄,2.333333
云游,3.5
运输,2.333333
争气,4.033333
重心,2.933333
猪脚,1.433333
转身,2.233333
转移,3.033333
撰写,2.733333
罪证,2.066667
扒手,1.583333
拜金,3.291667
班次,2.375
悲叹,3.833333
补足,3.130435
擦伤,1.708333
彩虹,1.541667
参赛,2.041667
操守,3.695652
超过,3.375
成全,3.333333
承蒙,3.958333
程序,2.541667
传统,3.458333
创新,3.708333
粗鲁,2.826087
存档,2.25
答复,2.521739
当差,2.708333
点火,1.541667
洞房,2.541667
对应,3.454545
发展,3.833333
翻转,2.478261
风光,3.416667
符号,2.375
附属,3.173913
复制,2.666667
柑橘,1.208333
共生,3.772727
孤儿,1.5
管辖,2.708333
管用,3.217391
归位,3.565217
过问,3.208333
函授,3.190476
行规,2.916667
好运,3.304348
后人,2.608696
狐狸,1.458333
话柄,3.0
怀孕,1.333333
幻觉,3.916667
皇族,2.608696
棘手,3.25
佳绩,2.875
简报,2.041667
见解,3.217391
骄横,3.416667
今天,1.833333
进步,2.916667
晋升,2.5
竞争,3.208333
矩形,1.916667
诀窍,3.5
铠甲,1.666667
浪潮,2.958333
厉鬼,3.666667
令牌,1.791667
论述,2.916667
满月,2.090909
内在,3.958333
迫害,3.130435
蒲团,2.086957
气管,1.521739
燃点,3.041667
认同,3.291667
绒布,1.625
融资,2.666667
圣徒,2.73913
失约,2.833333
世态,3.5
试图,3.708333
守约,2.708333
刷新,2.5
水箱,1.375
随后,3.625
套话,3.208333
提款,1.791667
体操,1.708333
体制,3.083333
天伦,3.75
条文,2.695652
通婚,2.708333
投降,2.25
涂抹,2.041667
网罗,4.090909
威力,3.708333
伟人,2.666667
温泉,1.541667
巫师,2.458333
蜈蚣,1.208333
物品,2.375
西餐,1.708333
西装,1.416667
希冀,3.916667
仙女,3.458333
陷害,3.25
小气,3.333333
形迹,3.375
休克,2.083333
休息,2.291667
牙医,1.333333
眼袋,1.375
羊群,1.5
阳伞,1.652174
夜校,2.125
以后,3.708333
萦绕,4.217391
悠闲,3.625
油门,1.625
云集,3.583333
赞颂,3.304348
渣滓,3.26087
丈量,2.458333
针灸,1.625
珍惜,3.833333
政策,2.227273
支架,1.833333
抓捕,2.083333
字义,2.916667
总站,2.136364
最近,3.458333
左右,2.375
把柄,2.958333
变迁,3.291667
布衣,2.208333
藏身,2.652174
策划,2.869565
铲除,3.0
阐述,3.391304
车尾,1.583333
尺度,2.958333
丑闻,3.041667
初恋,2.833333
厨房,1.416667
打骂,2.0
大牢,1.791667
大路,1.833333
低等,3.541667
电灯,1.375
动机,3.625
短处,3.333333
罚款,2.0
犯案,2.416667
绯闻,3.25
分手,2.541667
丰厚,3.875
服装,1.541667
感应,3.791667
割断,2.208333
给予,2.958333
鼓噪,3.5
归类,3.347826
贵族,2.416667
滚蛋,2.958333
果汁,1.541667
含量,3.208333
贺词,2.041667
候诊,2.166667
花展,2.041667
化身,4.041667
践踏,3.458333
金箔,1.583333
桔梗,1.666667
眷恋,4.0
开刀,2.086957
开会,1.875
牢狱,1.708333
礼物,1.956522
零件,1.869565
搂抱,2.083333
猛攻,2.875
敏感,4.083333
瞑目,3.583333
命令,2.652174
模式,3.347826
摩登,3.652174
目的,3.208333
尿布,1.458333
挪用,2.875
盘古,3.608696
旁白,2.73913
跑道,1.375
蓬松,3.375
飘零,3.826087
瓶颈,3.041667
破戒,3.5
企盼,3.708333
茄子,1.25
权柄,3.521739
溶解,2.625
蹂躏,3.625
僧人,1.416667
膳食,2.166667
商界,2.916667
商谈,3.083333
上手,3.416667
上瘾,3.625
伸冤,3.25
神灯,3.125
食物,1.956522
食欲,3.416667
书信,1.583333
枢纽,2.791667
水解,3.173913
说笑,2.583333
撕裂,2.869565
松驰,3.875
松紧,3.25
速度,3.166667
听说,3.857143
稀薄,3.708333
狭隘,4.0
吓倒,3.434783
贤良,3.583333
羡慕,4.083333
乡村,1.833333
协调,3.434783
心动,3.75
心急,3.208333
心声,3.75
刑罚,2.434783
形状,2.708333
虚惊,3.833333
学术,3.416667
雅典,2.125
要求,3.391304
遗传,3.25
音符,2.166667
银色,1.833333
幽禁,3.826087
预言,3.916667
冤枉,3.458333
员工,1.5
载客,2.208333
瘴气,2.291667
招认,3.136364
昭彰,4.285714
照明,1.958333
征婚,2.041667
政变,2.458333
只是,3.777778
职责,2.478261
指标,2.409091
庄子,1.565217
自信,3.541667
被单,1.269231
驳斥,2.884615
博客,2.0
补习,2.576923
捕头,1.961538
不才,4.0
布置,2.730769
草莓,1.115385
厕所,1.230769
茶杯,1.230769
查问,3.269231
忏悔,3.5
沉重,3.68
承保,3.875
冲浪,2.038462
充电,2.24
充满,3.28
抽查,2.884615
出马,3.769231
初次,2.538462
当中,3.291667
巅峰,3.192308
动脉,2.0
独自,2.615385
杜鹃,1.576923
多情,3.730769
反射,3.038462
返回,2.807692
沸水,1.692308
风趣,3.653846
各国,2.6
公鸡,1.192308
公立,3.230769
光速,2.5
鬼怪,3.36
果断,3.36
号外,3.44
胡桃,1.615385
护卫,2.5
涣散,3.807692
皇冠,1.807692
谎话,3.153846
悔恨,3.44
火球,2.115385
机关,2.875
机能,4.0
即时,3.28
忌讳,3.461538
继任,3.269231
佳人,2.923077
交战,2.423077
接收,2.807692
睫毛,1.230769
紧接,3.769231
经常,3.2
精算,3.44
举动,3.461538
诀别,2.884615
开方,3.272727
空间,3.538462
口号,2.4
夸张,3.769231
老公,1.423077
栗子,1.153846
灵活,3.576923
埋葬,2.28
毛利,2.84
梦遗,3.153846
秘史,3.538462
名次,2.24
母爱,3.423077
年历,2.153846
碾碎,2.538462
辟谣,3.307692
拼搏,3.461538
品行,3.807692
请帖,1.692308
全集,2.923077
柔道,1.84
奢望,4.038462
守寡,2.576923
帅气,3.230769
私心,3.576923
伺候,3.076923
所有,3.391304
坍方,2.230769
梯级,2.846154
通病,3.615385
同意,2.68
童谣,2.038462
枉然,4.083333
无比,4.391304
吸烟,1.307692
先人,2.6
显露,3.576923
显示,2.884615
限制,3.115385
想象,4.153846
象征,3.884615
消化,3.038462
邪念,4.038462
泄密,3.076923
谢罪,2.807692
新月,2.363636
性命,2.730769
旭日,2.076923
筵席,2.12
妖艳,3.384615
旖旎,3.909091
议员,1.884615
意见,3.0
引号,2.666667
永远,4.115385
游击,3.115385
娱乐,3.038462
榆树,1.230769
悦耳,3.692308
贼船,3.32
摘除,2.692308
召见,2.923077
中立,2.92
皱纹,1.538462
足金,2.2
坐标,2.730769
壁球,1.666667
差役,2.68
缠绕,3.230769
超支,3.0
称心,3.923077
迟疑,3.692308
出发,2.846154
出航,2.576923
除掉,3.4
大厅,1.346154
胆怯,3.6
动感,4.076923
遏止,3.576923
反击,3.192308
个体,2.461538
古人,2.653846
故意,3.615385
刮痧,1.807692
归纳,3.692308
国策,2.923077
果糖,1.730769
海港,1.730769
会考,2.769231
混淆,4.038462
记念,3.708333
记忆,3.538462
祭祀,2.692308
甲板,1.5
监督,3.269231
减少,3.28
娇纵,3.375
椒盐,1.538462
接受,3.0
节俭,3.115385
节制,3.615385
借口,3.576923
进驻,3.36
警犬,1.346154
捐助,2.576923
开水,1.461538
空置,2.961538
口吃,2.384615
口罩,1.307692
旷课,2.192308
烂泥,2.538462
老友,2.192308
雷暴,2.461538
淋漓,4.173913
楼梯,1.384615
论坛,2.56
逻辑,4.0
马车,1.5
买卖,3.153846
门牌,1.461538
蒙冤,3.846154
面额,2.423077
面试,2.230769
民族,2.461538
泯灭,3.916667
末世,3.956522
墓地,1.846154
难过,3.615385
难受,3.807692
年青,2.961538
女仆,1.961538
排队,2.4
判决,3.0
陪葬,2.807692
膨胀,3.807692
谦让,3.576923
嵌入,3.346154
亲自,2.64
庆典,2.653846
驱动,3.84
全能,3.576923
全心,3.923077
荣华,4.08
入味,3.576923
三维,3.4
商店,1.615385
上流,3.64
哨兵,1.576923
舍得,3.807692
肾脏,1.384615
拾取,3.307692
示众,3.076923
事实,3.44
手铐,1.346154
肃静,3.423077
算计,3.88
特权,3.64
体验,4.076923
铁蹄,2.692308
涂鸦,2.807692
屠夫,1.769231
弯曲,2.730769
为难,4.0
维护,3.36
维修,2.615385
响应,3.961538
向导,2.56
小孩,1.807692
性别,1.923077
袖口,1.692308
虚脱,3.692308
雪柜,2.347826
血战,3.32
雅兴,4.25
要害,3.291667
姨丈,1.576923
以为,4.08
隐士,2.961538
荧光,2.461538
影响,3.96
用料,3.0
淤泥,2.038462
原料,2.44
杂技,2.538462
至宝,3.6
致命,3.615385
自费,3.0
字幕,1.769231
租金,1.846154
按时,2.652174
案发,3.173913
保温,2.181818
报仇,2.521739
卑劣,3.130435
辩才,3.52381
标签,2.043478
不公,3.0
彩票,1.826087
苍白,2.956522
插手,3.136364
唱片,1.608696
朝见,3.238095
称号,3.043478
成衣,2.227273
斥资,3.043478
纯金,1.869565
刺耳,2.913043
从事,3.130435
挫折,3.636364
导致,3.636364
盗贼,1.565217
道歉,2.130435
凳子,1.304348
地价,2.521739
跌价,2.695652
逗号,1.565217
端正,3.173913
儿科,2.086957
方糖,1.869565
分身,3.347826
怪僻,3.652174
关系,3.913043
管家,2.130435
鬼节,3.086957
孩子,1.478261
海流,2.380952
寒舍,2.608696
好转,3.304348
浩劫,3.73913
后背,1.869565
灰色,2.043478
辉煌,3.391304
徽章,1.521739
击毙,2.043478
迹象,3.521739
教育,3.304348
景色,2.73913
蓝色,1.782609
历尽,4.227273
励志,3.478261
炼油,2.478261
烈酒,2.217391
榴弹,1.913043
卵生,2.434783
率直,3.478261
煤气,1.391304
每次,2.909091
梦想,4.26087
面貌,2.782609
母亲,1.304348
拿手,3.142857
内行,3.130435
平手,2.863636
评委,1.913043
凄厉,4.043478
企望,4.181818
气势,4.173913
牵涉,3.954545
谦卑,3.652174
欠款,1.869565
侨居,2.608696
窍门,3.454545
晴天,1.73913
庆功,2.565217
缺乏,3.318182
热能,3.086957
施恩,3.434783
市民,1.782609
收入,2.0
收拾,2.956522
舒畅,3.086957
熟识,3.130435
漱口,1.608696
体育,2.565217
同乡,1.956522
突然,3.652174
土坑,1.782609
亡灵,4.0
慰劳,3.304348
无端,4.0
媳妇,1.434783
仙桃,2.782609
嫌疑,3.772727
心智,3.652174
刑期,2.608696
兴建,3.217391
寻根,3.636364
迅速,3.173913
夭折,3.26087
要素,3.478261
阴极,3.545455
印刷,2.0
玉米,1.304348
预祝,3.695652
原理,3.545455
远景,3.434783
造反,3.173913
斩首,1.826087
张扬,3.391304
甄别,3.521739
征收,2.826087
狰狞,3.391304
整体,2.913043
正气,3.304348
政局,3.173913
指名,2.782609
忠诚,3.782609
住宅,1.478261
装配,2.391304
坠机,1.913043
自动,3.086957
阻滞,3.608696
作证,3.043478
案件,2.782609
包围,3.130435
宝藏,2.826087
保龄,3.47619
编剧,2.391304
表情,2.478261
表征,4.086957
差错,3.318182
持续,3.478261
憧憬,4.043478
出土,2.434783
垂危,2.869565
打拳,1.869565
逮捕,1.913043
当选,2.454545
斗牛,1.869565
读音,2.391304
度数,2.652174
断裂,2.434783
锻炼,2.608696
恩典,3.695652
耳环,1.478261
烦恼,3.782609
繁华,3.608696
繁殖,2.347826
粉丝,2.347826
丰功,3.913043
风筝,1.304348
辅音,2.608696
负债,2.26087
赴宴,2.130435
副刊,2.173913
感情,4.347826
姑娘,1.521739
怪罪,3.521739
归咎,3.652174
归隐,3.26087
国宝,2.217391
过人,3.818182
海景,2.173913
何尝,4.0
黑幕,3.26087
花样,3.772727
画集,2.086957
怀胎,2.0
缓慢,3.043478
恍惚,4.130435
挥舞,2.608696
蛔虫,1.478261
会面,2.434783
馄饨,1.478261
火葬,1.695652
颊骨,1.826087
降低,3.0
精密,3.434783
净化,3.347826
镜像,2.608696
局限,3.826087
剧毒,2.173913
聚居,2.409091
俊美,3.130435
咖喱,1.652174
阔绰,3.391304
狼狈,3.434783
老家,2.0
狸猫,1.565217
民意,3.434783
名字,1.956522
木讷,3.173913
木箱,1.391304
脑海,3.782609
黏液,2.043478
拍卖,2.227273
皮包,1.565217
毗邻,3.217391
评价,2.869565
妻妾,1.73913
气泵,1.869565
山火,1.818182
声明,2.695652
剩余,3.0
势利,3.26087
庶民,2.521739
水费,1.521739
顺手,3.043478
思考,3.869565
死敌,2.173913
缩影,3.545455
索取,3.130435
倘若,4.047619
逃课,1.913043
陶器,1.347826
提早,3.173913
推拿,2.130435
万物,3.73913
维权,3.086957
委托,3.086957
巫婆,2.434783
误解,3.181818
先例,2.590909
现场,1.913043
械斗,2.347826
刑事,2.521739
寻常,3.73913
鸦片,1.454545
艳光,3.9
羊毛,1.608696
医疗,2.391304
原来,3.826087
云梯,3.043478
运程,3.181818
运气,4.0
赞扬,3.0
脏话,2.347826
增高,2.478261
招聘,2.086957
真正,3.73913
政敌,2.869565
直径,1.782609
志愿,3.304348
种族,2.304348
助学,2.782609
子女,1.26087
挨近,2.92
隘口,2.68
扳倒,2.615385
帮派,2.115385
暴露,2.730769
便服,2.384615
表亲,2.538462
别离,3.153846
并列,3.0
播映,2.653846
耻笑,2.884615
赤道,1.884615
串连,2.884615
吹奏,2.269231
唇舌,1.5
辞别,2.730769
丛林,1.730769
但是,3.521739
蛋糕,1.346154
党员,1.615385
导言,2.615385
倒退,2.692308
稻草,1.346154
点菜,2.076923
电报,1.5
定时,2.24
反感,3.56
肥料,1.538462
丰韵,3.423077
奉献,3.44
复活,2.88
复述,2.68
肝炎,1.6
干活,2.5
阁楼,1.384615
贡献,3.346154
勾画,3.12
古文,2.0
故居,2.076923
怪异,3.807692
过失,3.32
航班,1.923077
河豚,1.192308
红心,2.52
琥珀,1.576923
话题,3.115385
火舌,3.26087
讥讽,3.461538
季节,1.961538
建立,3.2
渐进,3.48
截止,2.846154
拘谨,3.52
局外,3.769231
看见,2.48
考察,3.153846
考验,3.461538
空手,1.96
口齿,2.153846
老伴,1.615385
猎犬,1.192308
硫磺,1.230769
律诗,2.24
略去,4.0
麻药,1.576923
埋怨,3.038462
冒昧,3.44
冥府,3.416667
难得,3.8
匿名,2.56
农历,1.64
疲倦,3.115385
频率,3.115385
破解,3.4
普查,2.769231
企业,1.76
曲目,2.076923
人生,3.961538
乳齿,1.653846
删减,2.807692
上告,2.92
社论,3.173913
神父,1.923077
生效,3.269231
随机,3.384615
所长,2.04
调查,2.8
跳绳,1.269231
痛楚,3.615385
瓦解,3.307692
外语,1.88
污辱,3.291667
舞狮,1.538462
务实,3.28
狭小,3.2
小丑,2.2
孝顺,3.230769
协力,3.4
心算,2.653846
心愿,3.346154
秀才,1.807692
摇摇,3.2
遗弃,3.038462
隐居,3.038462
英国,1.115385
泳衣,1.192308
邮筒,1.346154
友好,3.461538
愿望,3.769231
月历,1.807692
韵味,4.08
再版,2.952381
闸门,1.461538
沾染,3.346154
证书,1.346154
政府,1.653846
指数,2.72
指头,1.52
指引,3.56
中餐,1.538462
主权,2.884615
著名,3.4
抓住,2.346154
作弊,2.0
爆炸,2.307692
卑鄙,3.923077
悲观,3.730769
本分,3.708333
表演,2.52
摒弃,3.56
才气,3.84
财务,2.416667
菜园,1.423077
参差,3.695652
窗户,1.346154
窗台,1.153846
床位,1.538462
催化,3.76
错过,3.653846
大奖,2.307692
稻田,1.346154
地点,2.076923
东洋,3.0
动作,2.5
陡峭,2.807692
独力,3.64
对象,2.44
额头,1.346154
发火,2.807692
发酵,3.346154
反贪,3.12
方阵,2.692308
芳龄,2.615385
肥沃,3.153846
风帆,2.269231
俯冲,2.884615
富翁,2.115385
富裕,3.32
腹泻,1.846154
高尚,4.0
高危,3.68
共处,3.166667
关联,3.6
归天,3.166667
国庆,1.846154
和服,1.692308
和解,3.346154
滑行,2.32
蝗虫,1.192308
昏迷,2.653846
活泼,3.4
获胜,2.653846
激进,3.769231
疾苦,3.538462
技巧,3.166667
家长,1.538462
兼任,3.076923
金钱,1.461538
经商,2.692308
救灾,2.384615
坎坷,4.0
骷髅,1.461538
来历,3.115385
历代,3.423077
连绵,3.615385
列表,2.44
麻痹,3.423077
马脚,2.956522
漫步,2.384615
毛病,3.2
美国,1.192308
面包,1.115385
明智,4.038462
耐性,3.692308
凝重,3.88
偶然,3.6
排行,2.72
牌匾,1.423077
攀升,3.16
盘问,2.538462
陪伴,3.038462
棚屋,1.923077
迫切,3.730769
铺张,3.76
其余,3.478261
情节,3.307692
囚禁,2.346154
取暖,2.192308
取巧,3.730769
诠释,3.884615
任性,3.64
容貌,2.461538
融化,3.269231
上位,3.76
身处,3.44
身体,1.461538
身影,2.28
生母,1.115385
声带,1.807692
省城,1.576923
首席,2.5
受益,3.538462
输赢,2.692308
熟习,3.64
爽约,3.153846
睡袋,1.230769
抬头,1.8
特等,3.041667
头盔,1.076923
唾液,1.6
忘记,3.5
文本,2.346154
香浓,3.692308
协议,2.4
信差,2.461538
野餐,1.538462
臆测,4.04
印鉴,2.807692
罂粟,1.384615
迎击,3.153846
远行,3.192308
燥热,3.0
章鱼,1.230769
镇压,3.615385
主仆,2.0
壮举,3.923077
座标,2.423077
爱犬,1.965517
白眼,2.827586
办学,2.37931
宝物,3.172414
比重,3.37037
闭关,3.321429
不忍,3.310345
掺杂,3.25
抽奖,2.034483
出击,2.448276
出门,1.724138
处方,2.344828
此时,2.655172
措施,3.206897
打败,2.413793
打扰,2.62069
蛋白,2.448276
倒影,2.321429
得手,3.275862
灯饰,1.62069
典礼,2.172414
垫底,2.793103
定义,3.428571
动物,1.827586
端详,3.482759
耳目,2.925926
发达,3.758621
妨碍,3.275862
放松,2.965517
粉笔,1.37931
粉红,2.103448
辐射,3.0
钢铁,1.724138
个案,3.0
宫女,1.655172
挂心,3.88
呵欠,2.034483
黑心,3.310345
互动,3.206897
缓步,2.655172
晃动,2.068966
货柜,1.37931
家书,1.862069
健全,3.103448
叫号,2.615385
结局,2.931034
聚会,1.931034
军令,2.0
可口,3.37931
控制,3.448276
窟窿,2.344828
昆虫,1.62069
老爷,2.517241
利落,3.241379
良善,3.5
领悟,3.896552
麦穗,1.172414
冒火,3.241379
命运,4.517241
模拟,3.827586
纳税,1.793103
牛肉,1.137931
贫穷,3.103448
潜藏,3.655172
倾斜,2.689655
情报,3.103448
去年,1.793103
认为,3.586207
日照,2.206897
肉搏,2.551724
如今,3.172414
搔痒,2.241379
善事,2.965517
烧烤,1.896552
深刻,3.931034
市井,3.517241
手紧,3.416667
售价,2.0
摔跤,1.827586
爽快,3.206897
说话,2.034483
天幕,3.56
添加,3.206897
挑拨,3.137931
条约,2.310345
通畅,2.758621
通俗,3.448276
痛哭,1.896552
兔唇,1.793103
拖拉,3.75
危楼,2.103448
物价,2.62069
戏院,1.655172
相容,3.740741
香炉,1.310345
泄气,3.448276
新鲜,3.034483
凶宅,2.724138
胸口,1.724138
朽木,2.464286
虚伪,4.103448
叙述,3.137931
雪山,1.517241
腰果,1.37931
易碎,3.0
意向,3.862069
淫乱,3.428571
樱桃,1.37931
应付,3.448276
远足,2.862069
帐幕,2.321429
沼泽,1.793103
症结,3.241379
执勤,2.103448
指责,2.827586
置身,3.5
中邪,4.068966
重病,2.551724
赚钱,2.448276
追求,3.448276
综观,3.869565
棕色,1.655172
总结,2.551724
走神,3.517241
安逸,3.689655
办案,2.310345
部分,3.413793
参展,2.413793
诧异,3.821429
娼妓,2.214286
车主,1.551724
成人,1.655172
出错,2.965517
出口,1.896552
传承,3.5
此行,3.517241
代笔,2.310345
的士,1.517241
电路,2.034483
电筒,1.482759
都市,2.413793
堆肥,2.92
敦促,3.285714
发电,2.413793
风车,1.551724
副本,2.785714
感觉,4.344828
高级,3.862069
歌迷,1.931034
购买,2.068966
乖僻,3.740741
海马,1.689655
合格,2.931034
弘扬,3.827586
后门,2.655172
华侨,1.862069
坏处,3.310345
回应,3.0
火把,1.586207
机灵,3.551724
疾病,2.448276
疾风,3.0
建造,2.724138
津贴,2.285714
劲敌,2.965517
镜头,1.896552
俊男,2.241379
刊出,2.913043
康复,2.689655
可敬,3.655172
力量,3.241379
联合,3.034483
联想,3.862069
满意,3.275862
谩骂,2.607143
眉毛,1.344828
漠视,3.793103
谋杀,2.517241
牡丹,1.482759
耐用,3.172414
南瓜,1.172414
奴隶,2.034483
旁观,3.482759
佩剑,1.931034
品茶,2.206897
品酒,2.172414
乞求,3.310345
启蒙,3.862069
契机,4.241379
前面,2.517241
襁褓,2.586207
侵略,2.827586
清酒,1.724138
散热,3.034483
森严,3.689655
舍弃,3.241379
摄入,3.241379
摄氏,2.551724
升幅,3.357143
声势,3.517241
胜仗,2.482759
世俗,3.62069
侍奉,2.928571
视线,2.758621
首级,2.551724
殊荣,3.517241
水利,2.448276
私事,3.0
宋朝,1.655172
粟米,1.428571
胎生,2.206897
推销,2.827586
晚宴,2.0
危机,3.586207
下级,2.62069
咸蛋,1.482759
祥和,3.551724
心律,2.344828
序幕,3.068966
演绎,3.310345
赝品,2.448276
侥幸,3.827586
野心,3.931034
衣服,1.551724
衣着,2.793103
医术,3.137931
樱花,1.137931
幽怨,3.827586
早餐,1.586207
责任,3.206897
招摇,3.586207
遮丑,3.275862
正式,3.37931
正月,1.758621
支付,1.862069
支流,3.172414
芝麻,1.310345
织布,1.931034
侄女,1.586207
致富,3.172414
秩序,2.896552
中介,2.428571
种类,2.857143
周全,3.482759
状况,3.862069
姿态,3.37931
组别,3.0
薄雾,2.173913
本人,1.347826
标明,2.304348
兵家,2.863636
补充,2.695652
不甘,3.391304
不久,3.454545
簿记,2.894737
擦拭,1.869565
秤砣,1.130435
初版,2.478261
雏菊,1.73913
纯真,3.695652
单打,2.173913
到达,1.956522
登台,2.173913
电器,1.956522
玷污,3.521739
豆腐,1.130435
镀金,1.956522
兑换,2.521739
恩爱,2.913043
发行,2.478261
飞行,2.043478
浮躁,3.521739
父子,1.347826
公司,1.391304
恭维,3.217391
构成,3.045455
谷仓,1.409091
关键,3.318182
过期,2.130435
害羞,3.0
好汉,2.826087
合一,3.35
后院,1.565217
互相,3.434783
花店,1.347826
画作,1.695652
汇率,1.909091
婚纱,1.347826
火药,1.26087
获利,2.73913
悸动,3.809524
间隔,3.0
见面,1.913043
键盘,1.130435
僵尸,2.619048
讲究,3.608696
教训,3.086957
洁净,3.0
金鱼,1.130435
尽头,3.454545
警惕,3.130435
敬语,3.136364
炯炯,3.947368
久等,3.304348
就是,3.181818
就坐,2.545455
看透,3.695652
孔子,1.478261
矿石,1.347826
拉车,2.173913
连任,2.478261
脸颊,1.391304
茅屋,1.608696
密林,2.173913
名媛,2.478261
募捐,2.26087
奈何,3.863636
内伤,3.391304
牛市,2.73913
捧场,3.043478
骗子,2.391304
奇怪,3.608696
脐带,1.391304
崎岖,3.0
切除,2.26087
缺课,2.217391
柔弱,3.521739
烧伤,2.086957
射程,2.173913
申诉,2.363636
失控,3.26087
受聘,2.173913
汤圆,1.173913
桃花,1.130435
题名,2.347826
替代,2.695652
痛风,2.217391
投稿,2.043478
突发,3.521739
突兀,3.869565
外遇,2.727273
妄言,3.826087
无私,3.521739
咸鱼,1.652174
现代,2.608696
香蕉,1.130435
橡皮,1.26087
效果,3.181818
胁持,3.0
玄机,4.136364
玄学,4.363636
雪白,2.434783
佯装,3.227273
翼龙,2.5
阴谋,3.304348
应承,3.318182
映射,3.318182
雨水,1.434783
御医,2.0
允许,2.695652
杂草,1.391304
增加,2.608696
占地,2.478261
遮蔽,2.869565
震惊,3.304348
征询,2.913043
支援,3.086957
逐步,3.272727
捉住,1.913043
阻止,2.521739
坐椅,1.391304
办事,2.782609
包裹,1.73913
被动,3.521739
冰雕,1.434783
常任,3.0
呈报,2.956522
抽风,3.181818
触觉,2.869565
大家,2.608696
大楼,1.347826
订婚,1.565217
兜风,2.695652
兜售,2.521739
渡轮,1.782609
额外,3.0
凡人,2.913043
返工,2.608696
父母,1.26087
恭喜,2.782609
拐带,3.0
跪拜,2.304348
国货,2.0
号令,3.217391
灰心,3.347826
彗星,1.521739
及早,3.565217
佳境,3.434783
架子,2.217391
肩膀,1.26087
交往,2.73913
角力,3.47619
节日,2.0
洁白,2.782609
解说,2.73913
戒严,2.826087
近期,3.434783
经文,2.272727
救援,2.434783
咀嚼,1.869565
卷发,1.434783
开销,2.565217
刊物,1.869565
馈赠,2.565217
老师,1.347826
乐章,2.217391
联军,2.608696
脸型,2.217391
良方,2.73913
邻居,1.73913
凛冽,3.73913
流失,3.304348
律动,3.590909
蒙受,3.454545
面世,3.347826
秒表,1.26087
墨鱼,1.26087
某种,3.913043
念经,2.454545
期限,2.5
气馁,3.434783
轻巧,3.347826
清澈,2.608696
请客,2.043478
球赛,1.73913
全貌,2.521739
却步,3.761905
日落,1.73913
日元,1.434783
入境,2.73913
锐气,3.73913
瑟缩,3.608696
沙丘,1.608696
射手,2.086957
呻吟,2.956522
升级,2.826087
蚀本,3.055556
氏族,2.434783
侍应,3.434783
疏散,2.608696
熟练,2.956522
丝巾,1.304348
私人,2.590909
泰国,1.086957
淘气,3.0
调教,3.409091
调戏,3.26087
通称,3.26087
同盟,2.521739
同情,3.217391
土地,1.434783
推理,3.043478
吞噬,3.26087
微妙,3.73913
文字,1.826087
消除,2.869565
携带,2.478261
心情,3.26087
学校,1.26087
巡查,2.869565
殉情,3.217391
盐湖,2.0
眼科,1.73913
揶揄,3.52381
液体,1.869565
异地,2.173913
阴历,1.913043
鹰爪,2.043478
优秀,3.130435
友情,2.913043
幼龄,2.782609
宇宙,2.521739
浴衣,1.565217
遭殃,3.304348
眨眼,1.695652
镇长,1.695652
知足,3.347826
质料,2.714286
终点,2.391304
装备,2.0
族谱,1.73913
钻头,1.521739
作战,2.73913
做主,2.782609
暗藏,3.590909
百货,2.521739
颁发,2.73913
暴光,2.909091
蝙蝠,1.521739
标竿,2.782609
层次,2.956522
查明,2.869565
差事,3.043478
掣肘,3.684211
充公,3.045455
愁苦,3.217391
刺刀,1.304348
错怪,2.869565
答谢,2.652174
弹头,2.086957
得力,3.227273
电镀,2.090909
订单,2.0
动人,3.73913
冻肉,1.652174
对于,3.772727
顿悟,3.636364
烦躁,2.826087
访问,2.26087
纷争,2.565217
粉嫩,2.782609
份量,2.695652
封锁,2.956522
高明,3.130435
弓箭,1.391304
归途,3.043478
寒酸,3.217391
旱灾,2.0
和声,3.304348
后辈,2.086957
话语,2.695652
回想,3.136364
活动,2.454545
活该,3.454545
剧场,2.130435
开门,1.608696
开心,2.608696
口气,3.090909
蜡烛,1.304348
练功,2.478261
量杯,1.681818
列入,3.304348
邻国,2.304348
流浪,2.73913
麻辣,2.391304
麻脸,2.380952
麻醉,2.363636
马力,2.826087
馒头,1.130435
蔓延,3.681818
每当,3.772727
拍摄,2.045455
骗局,2.608696
瓢虫,1.26087
祈祷,3.173913
祈求,3.521739
骑士,1.956522
旗杆,1.304348
弃子,3.285714
千米,1.913043
桥牌,1.826087
清兵,2.0
情况,3.347826
晴朗,2.347826
驱散,3.130435
曲调,2.565217
全民,2.043478
热情,3.0
如意,3.347826
弱势,2.608696
伤心,2.956522
赏金,1.956522
神圣,3.869565
生态,3.130435
实干,3.095238
授权,3.047619
属下,2.304348
水门,2.888889
水准,3.5
摊位,1.826087
痛骂,2.695652
屯兵,2.761905
未来,3.636364
文官,2.26087
闲人,2.636364
贤淑,3.521739
销售,2.086957
斜坡,1.782609
星象,2.904762
兴致,3.391304
胸部,1.652174
休眠,2.434783
学位,1.826087
烟民,1.695652
妖术,3.826087
义务,3.521739
引言,2.695652
应该,3.428571
遇见,2.652174
遇难,2.478261
造化,4.086957
炸弹,1.409091
展开,3.090909
战乱,2.347826
长相,2.478261
招牌,2.478261
珍藏,2.869565
整合,3.318182
正名,3.227273
汁液,1.913043
枝节,2.6
值日,2.304348
制服,1.608696
忠告,3.272727
重播,2.217391
重金,2.826087
主脑,2.952381
桌布,1.130435
安排,2.913043
斑马,1.304348
办公,2.652174
保护,3.086957
保障,3.571429
背光,2.666667
博览,3.304348
出狱,1.954545
出浴,1.869565
船长,1.347826
闯进,3.217391
辞退,2.26087
贷款,1.826087
当众,2.913043
倒立,1.869565
舵手,1.434783
发令,2.521739
饭盒,1.130435
飞驰,3.130435
吩咐,2.73913
粉碎,2.478261
封地,2.52381
疯狗,2.086957
父老,2.130435
赋诗,2.608696
盖章,1.695652
敢于,3.565217
感冒,1.565217
感染,2.347826
港口,1.434783
歌颂,3.130435
供词,2.304348
龟缩,3.5
好胜,3.391304
合法,2.652174
核实,2.869565
黑洞,2.608696
虹膜,2.363636
湖畔,1.608696
糊涂,3.363636
换人,2.304348
恍如,4.045455
回路,3.0
火炬,1.304348
饥荒,2.130435
基准,2.913043
集中,2.913043
伎俩,3.391304
佳丽,2.913043
建设,2.565217
剑客,1.869565
脚步,1.73913
叫卖,2.347826
接近,2.695652
精彩,3.086957
楷模,2.652174
砍伐,2.043478
看待,3.086957
刻画,2.608696
恐怖,3.695652
拉面,1.304348
蓝本,2.954545
牢固,3.130435
冷笑,2.571429
冷战,3.0
离别,2.478261
礼金,1.521739
例行,3.173913
秘诀,2.727273
描述,3.136364
牧童,1.391304
牧羊,1.478261
浓烟,1.608696
炮轰,2.454545
琵琶,1.347826
齐整,2.909091
起誓,3.090909
浅黄,2.045455
求助,2.782609
任务,2.363636
荣耀,3.26087
沙滩,1.227273
晌午,2.26087
水井,1.086957
搜身,2.217391
夙敌,3.238095
唆使,3.478261
所在,2.904762
台上,1.956522
贪欲,3.5
叹气,2.227273
腾空,3.130435
贴切,3.272727
偷渡,2.086957
颓废,3.565217
退隐,3.136364
外交,2.478261
外科,2.173913
五行,3.086957
馅饼,1.409091
效率,3.130435
写作,2.130435
休想,3.47619
修甲,1.782609
选项,2.545455
宴会,1.521739
验证,2.73913
秧苗,1.391304
仰望,2.818182
夜色,2.434783
已婚,1.73913
愠怒,3.434783
增进,3.227273
这种,3.45
蔗糖,1.26087
桎梏,3.5
瞩目,3.478261
驻扎,2.73913
祝贺,2.652174
专用,2.782609
撞车,1.782609
锥形,1.826087
字迹,1.826087
爱好,2.884615
凹凸,2.538462
斑鸠,1.461538
悲伤,2.923077
背负,3.695652
笨拙,3.076923
宾馆,1.538462
补考,2.115385
哺乳,1.769231
裁剪,2.04
采摘,1.923077
出版,2.653846
出去,2.538462
初衷,3.92
雏鸟,1.653846
捶背,1.5
纯情,3.923077
翠玉,2.16
打蜡,2.041667
蛋壳,1.384615
瞪视,2.6
吊销,2.692308
定论,3.416667
独居,2.038462
队长,2.038462
发誓,3.346154
废物,3.291667
风纪,3.904762
干柴,1.875
隔绝,3.692308
公事,2.807692
巩固,3.5
够用,3.416667
谷物,1.961538
骨科,1.846154
光彩,3.52
广告,2.923077
聒噪,3.521739
害怕,3.307692
行乞,2.461538
后备,3.454545
互助,2.961538
缓冲,3.32
唤醒,2.833333
羁留,3.47619
极端,3.884615
尖峰,3.125
降服,3.538462
郊外,2.423077
焦点,3.269231
街头,2.153846
静脉,2.0
就绪,3.416667
举世,3.75
考古,2.346154
拷问,2.88
快速,3.076923
狂妄,3.730769
狼藉,3.52
类别,3.08
恋爱,3.269231
锣鼓,1.346154
麻油,1.230769
莽撞,3.115385
名气,3.44
目录,2.076923
目送,3.0
沐浴,1.807692
内疚,3.615385
内战,2.8
牌九,2.347826
膀胱,1.346154
齐声,3.0
强暴,2.64
强调,3.44
抢劫,1.961538
青年,2.153846
软垫,1.884615
尚武,3.142857
少数,2.769231
射击,1.884615
失血,2.307692
时势,4.0
诉苦,2.884615
所谓,4.181818
锁匠,1.653846
体检,2.307692
替身,2.384615
调解,3.0
停止,2.2
投诉,2.884615
完蛋,3.75
旺盛,3.461538
违抗,3.153846
伪善,3.692308
误差,3.12
夕照,2.952381
西医,1.923077
线圈,2.307692
宪兵,1.923077
献身,3.333333
写实,3.115385
心跳,1.961538
心仪,3.846154
宣扬,3.48
衍变,4.28
椅子,1.230769
永世,3.956522
优待,3.576923
油墨,1.807692
元老,2.538462
早操,1.846154
蚱蜢,1.36
摘录,2.692308
辗转,3.846154
湛蓝,2.708333
招待,2.653846
制止,2.44
中国,1.615385
专一,3.153846
壮观,3.576923
卓越,3.730769
自己,1.846154
昨天,2.076923
暗喻,4.36
毙命,2.538462
材料,2.583333
菜刀,1.230769
糙米,1.461538
差距,3.538462
馋嘴,3.0
迟到,2.346154
垂涎,3.576923
刺绣,1.769231
带路,2.391304
待业,2.653846
德国,1.538462
订金,2.576923
冬菇,1.307692
段落,2.807692
队员,2.115385
法国,1.5
仿古,3.115385
纺织,2.12
费时,3.4
风化,3.666667
风能,2.72
凤梨,1.5
浮夸,4.153846
概括,4.0
稿费,1.730769
功效,3.153846
估计,3.8
鼓励,3.307692
光线,2.461538
归依,3.96
过分,3.576923
号召,3.615385
河马,1.423077
候补,2.961538
怀念,3.923077
缓和,3.615385
火星,1.72
饥饿,2.653846
积木,1.653846
集邮,1.88
焦土,2.521739
脚印,1.615385
境外,2.923077
局势,3.692308
聚积,3.347826
课堂,1.884615
控诉,3.038462
狂热,4.0
傀儡,3.076923
了得,4.043478
廉洁,3.115385
脸孔,2.115385
零售,2.269231
陆战,2.4
律师,1.653846
埋没,3.44
闹钟,1.269231
泥土,1.307692
逆境,3.884615
牛奶,1.307692
牛棚,1.307692
蹒跚,3.576923
泡影,3.961538
炮仗,1.88
剖析,3.92
谱写,3.346154
轻易,3.6
倾向,4.08
全部,3.16
泉眼,1.846154
热身,2.884615
忍受,3.653846
容纳,3.56
赛事,2.269231
舌头,1.307692
尸骸,1.615385
失实,3.708333
施工,2.538462
石膏,1.576923
时机,3.96
实用,3.615385
手掌,1.346154
水货,3.041667
水域,2.692308
私奔,3.24
斯文,3.769231
随从,3.0
锁定,3.44
甜品,2.038462
跳跃,2.692308
通风,2.791667
头胎,2.28
无限,4.230769
五百,1.708333
洗手,1.5
下跌,2.884615
相遇,3.153846
香槟,1.423077
襄助,3.761905
谐音,3.153846
嗅觉,2.307692
学生,1.615385
押运,2.76
以前,3.576923
因果,4.115385
音乐,2.230769
营运,3.538462
硬拼,3.458333
庸碌,3.884615
犹豫,3.92
渊源,4.153846
砸碎,2.375
摘取,2.6
蟑螂,1.307692
长进,3.76
忠心,3.846154
种子,1.92
祝寿,2.692308
转变,3.653846
捉奸,2.68
作曲,2.076923
哀伤,3.0
安危,3.375
败北,2.608696
邦交,2.85
棒球,1.166667
保存,2.333333
抱负,3.458333
碧绿,2.375
壁画,1.333333
不快,2.913043
不能,1.913043
布匹,1.5
参数,2.875
车票,1.25
炽热,3.208333
打印,1.708333
道谢,2.166667
等同,2.782609
点头,1.5
电疗,2.291667
都行,3.238095
对角,2.583333
多谢,2.291667
恶化,2.833333
飞逝,4.043478
分居,1.875
肤色,1.625
附近,2.958333
富有,2.791667
岗位,1.875
歌剧,1.666667
各人,2.75
沟通,2.791667
海沟,2.291667
海水,1.416667
黑豹,1.375
红娘,2.083333
宏伟,3.565217
蝴蝶,1.125
幻灯,2.304348
汇款,1.416667
活力,3.291667
基金,1.791667
既定,3.545455
荚果,2.181818
假想,3.782609
驾照,1.166667
轿夫,1.541667
教授,1.458333
接纳,3.041667
境地,3.666667
坑洞,2.227273
宽限,3.333333
懒惰,2.916667
良知,3.458333
邻座,1.875
另外,3.227273
录像,1.583333
满足,3.375
冒失,3.5
每逢,3.208333
弥撒,3.2
勉励,3.625
名人,2.0
目击,1.916667
牧场,1.416667
评审,2.625
破例,2.695652
谦虚,2.916667
强权,3.25
确认,2.5
乳猪,1.25
丧失,3.0
砂砾,1.826087
傻笑,2.0
伤害,2.958333
神殿,2.708333
食宿,1.916667
视力,1.625
适应,3.083333
室温,2.208333
书展,1.541667
述职,2.916667
水桶,1.166667
搜寻,2.625
谈论,2.958333
疼痛,2.375
天坛,2.208333
停战,2.375
通信,2.541667
途径,3.541667
吐血,1.875
驼峰,1.625
瓦砾,1.791667
晚报,1.625
晚年,2.875
王牌,2.833333
闻讯,2.954545
西岸,2.26087
先祖,2.5
掀起,2.545455
相信,2.75
写意,4.083333
欣慰,3.458333
形态,3.291667
凶险,3.333333
穴位,2.041667
血癌,1.75
颜料,1.666667
要闻,2.416667
以便,3.47619
艺人,1.791667
引荐,2.791667
冤家,3.041667
月台,1.73913
展出,2.291667
肇事,2.708333
正负,2.75
直译,2.391304
钟声,1.541667
周转,3.208333
走读,2.478261
左手,1.125
做梦,2.541667
白饭,1.708333
抱歉,2.791667
本领,3.0
鼻涕,1.208333
辨认,2.916667
菠菜,1.041667
不够,3.681818
参见,3.0
残杀,2.782609
拆解,3.0
成果,2.791667
斥责,2.916667
酬劳,1.958333
除夕,1.333333
词典,1.291667
当代,2.695652
党羽,3.083333
电梯,1.375
凋谢,2.833333
懂事,3.291667
动荡,3.458333
耳鸣,2.041667
分贝,2.416667
服侍,2.913043
复原,3.086957
构思,4.083333
顾问,2.375
龟裂,2.636364
还击,2.869565
和好,2.75
后母,1.5
坏账,2.086957
黄昏,1.916667
际遇,3.826087
见证,3.0
健身,1.666667
进食,1.791667
禁忌,2.791667
惊人,3.347826
狙击,2.5
居心,3.73913
抉择,3.375
开市,3.130435
刊载,2.545455
恐慌,3.25
乐器,1.869565
黎明,2.217391
里边,2.458333
理财,2.583333
弥留,3.291667
棉花,1.166667
默许,2.869565
浓厚,3.636364
偶数,2.083333
叛徒,2.166667
配戴,2.333333
配偶,1.333333
屏息,2.73913
破产,2.375
齐全,2.782609
契合,3.583333
枪手,2.0
悄悄,3.478261
桥墩,1.375
切实,3.636364
囚车,1.583333
囚犯,1.333333
球技,3.173913
全场,2.347826
群体,2.826087
善终,3.454545
生路,3.541667
声母,2.043478
牲畜,1.869565
失声,2.541667
失业,1.75
实况,2.625
似乎,3.8
事业,3.130435
侍候,2.625
誓死,3.583333
鼠辈,3.458333
数值,2.375
水分,2.416667
水印,1.75
睡觉,1.25
顺应,3.25
酥软,3.166667
塔尖,1.958333
袒露,3.086957
调皮,3.130435
尾巴,1.652174
无法,3.333333
无聊,3.416667
无疑,3.454545
吓人,3.208333
先机,3.869565
显影,3.545455
谢幕,2.347826
渲染,3.791667
依赖,3.291667
艺术,3.416667
异常,3.75
意外,3.208333
勇气,3.608696
友爱,3.25
有趣,3.291667
右倾,3.090909
元帅,1.416667
园艺,2.541667
绽放,3.0
招供,2.75
照旧,2.818182
支票,1.333333
枝叶,1.25
知识,3.208333
执笔,2.125
植树,1.541667
致敏,3.388889
中层,3.217391
主张,3.208333
纵火,2.083333
作业,1.75
癌症,2.346154
案头,2.521739
报酬,2.038462
伯父,1.230769
博彩,2.384615
步骤,2.884615
采掘,2.346154
测定,2.692308
差劲,2.769231
车手,2.038462
称呼,2.2
痴情,3.0
充饥,2.307692
充塞,3.083333
出路,2.961538
次日,1.730769
磋商,3.038462
挫败,2.692308
得奖,1.769231
动力,3.038462
读者,1.615385
对流,3.75
发掘,2.615385
法术,3.8
繁忙,2.730769
防水,2.0
废话,2.375
辅助,3.076923
高台,2.416667
故乡,2.038462
光头,1.269231
海盗,1.461538
海关,1.730769
好友,1.730769
患病,2.269231
会议,1.884615
慧眼,3.692308
伙食,2.115385
肌肉,1.4
基础,3.24
汲取,3.461538
佳肴,2.192308
艰难,3.076923
监测,2.538462
交涉,3.076923
郊区,1.884615
结晶,2.115385
结束,2.307692
金库,1.769231
尽责,3.0
精灵,3.153846
拘捕,2.153846
句法,3.347826
聚赌,2.0
决策,2.692308
咖啡,1.192308
开采,2.115385
可恶,3.076923
空闲,2.884615
口腔,1.346154
酷似,3.64
拉链,1.269231
腊月,1.692308
劳累,2.538462
了结,2.923077
立正,1.5
流星,1.615385
履历,2.538462
密码,1.884615
棉被,1.153846
面值,2.5
难道,4.043478
牛油,1.36
牌照,1.5
配搭,3.076923
匹配,3.192308
栖息,3.0
切入,3.461538
清净,2.961538
取代,2.769231
燃料,1.653846
肉眼,2.12
乳牛,1.576923
珊瑚,1.538462
上升,2.961538
身价,3.153846
事情,3.038462
适合,3.25
双打,2.52
丝毫,3.833333
坦克,1.230769
梯田,1.423077
体裁,3.272727
体罚,1.961538
湍流,3.192308
拓荒,2.92
巍峨,3.653846
瘟疫,2.423077
下次,2.88
相等,2.846154
邂逅,3.269231
心头,3.384615
性急,3.346154
巡逻,2.0
雅致,3.346154
严惩,2.8
言行,2.653846
砚台,1.230769
洋服,2.076923
要点,3.08
饮食,2.076923
英姿,3.192308
佣工,2.115385
右边,1.653846
原稿,1.730769
约见,2.692308
仔细,2.96
再会,3.0
缜密,3.461538
镇痛,2.961538
仲夏,2.56
主厨,1.346154
组织,2.807692
熬夜,2.0
霸权,2.961538
保证,3.4
奔跑,1.615385
变革,3.192308
猜想,3.346154
参谋,3.230769
操心,3.192308
策略,3.384615
城池,2.346154
池水,1.692308
出线,3.04
春药,1.807692
代号,2.615385
单位,2.115385
第一,1.846154
碟子,1.346154
恩人,1.884615
发财,2.44
翻新,2.769231
泛指,4.208333
风扇,1.192308
夫人,1.346154
干扰,3.269231
工资,1.692308
官差,2.269231
光荣,3.307692
滚轮,1.846154
汉朝,1.769231
喝彩,2.653846
花市,1.807692
花园,1.461538
豁免,3.24
嫉妒,3.153846
夹心,2.84
甲组,2.869565
架设,3.24
间接,3.423077
减轻,3.0
奖励,2.653846
剿灭,2.4
结伴,2.230769
经历,3.2
矩阵,2.576923
锯齿,1.807692
科目,2.346154
恪守,3.653846
宽阔,3.0
困难,3.269231
邋遢,2.653846
厉害,3.384615
立足,3.346154
两地,2.708333
亮丽,3.5
猎奇,3.56
裂开,2.346154
领受,3.24
孪生,2.038462
乱世,3.28
麻绳,1.461538
庙宇,2.153846
谬误,3.32
南极,1.692308
内定,3.041667
农药,1.653846
脓疮,2.038462
牵强,3.538462
取悦,3.346154
染缸,2.24
锐利,2.961538
山洪,1.692308
扇动,3.115385
上宾,2.458333
上任,2.653846
社会,3.230769
申报,2.8
收兵,2.521739
收成,2.307692
首领,1.769231
首演,2.346154
输送,2.730769
厮杀,2.68
台风,1.538462
探讨,3.076923
停职,2.16
同窗,2.192308
团结,3.076923
退缩,3.076923
玩耍,2.538462
围观,2.423077
吻合,3.192308
午饭,1.5
稀有,3.269231
习俗,2.884615
下流,3.16
宪法,2.0
信封,1.346154
厌食,2.52
艳照,2.076923
移动,2.64
以来,4.125
椅背,1.884615
艺妓,1.846154
引渡,3.0
盈余,3.04
涌动,3.461538
有利,3.038462
羽翼,2.576923
玉器,1.538462
预见,3.576923
战争,2.192308
站立,1.68
长期,3.230769
珍视,3.416667
致函,2.791667
终生,2.807692
转折,3.384615
装修,1.807692
捉弄,2.923077
姿势,2.615385
综合,3.8
走狗,2.32
最好,3.384615
爱护,2.896552
安装,1.827586
盎然,4.037037
拔河,1.310345
板凳,1.137931
保佑,3.689655
暴君,2.448276
悖论,3.481481
比赛,2.25
笔迹,2.0
秉公,3.413793
饼干,1.413793
刹车,1.862069
常规,3.535714
绰号,2.75
超人,2.892857
乘数,2.76
惩罚,2.896552
楚歌,3.518519
处长,2.068966
村民,1.448276
打牌,1.724138
袋鼠,1.172414
倒霉,3.357143
电波,3.0
定神,3.846154
对内,3.392857
放射,3.482759
飞天,3.576923
肺癌,1.551724
丰富,4.0
风力,2.448276
封建,3.714286
否决,2.5
服从,2.793103
干冰,1.448276
骨折,1.62069
馆长,1.785714
广泛,3.964286
行贿,2.296296
航路,2.0
豪迈,3.518519
狠毒,3.310345
后脑,1.586207
华贵,3.571429
机遇,3.461538
假期,2.0
巨额,3.0
空缺,3.107143
利润,2.448276
两手,2.275862
嘹亮,2.931034
玲珑,3.857143
轮廓,2.517241
脉搏,1.965517
媚俗,3.461538
门面,2.413793
蜜糖,1.931034
敏锐,3.310345
明快,3.535714
目前,3.037037
那么,4.166667
纳米,2.241379
品味,3.678571
平安,2.931034
奇幻,4.241379
千古,3.884615
迁出,2.62069
强壮,2.448276
敲击,1.931034
清朝,1.689655
球衣,1.310345
热潮,3.821429
热浪,3.172414
软弱,3.344828
杀戮,2.464286
删除,2.413793
伤寒,2.655172
逝世,1.758621
释怀,3.62069
耸立,3.321429
诉讼,2.035714
剔除,2.724138
蹄子,1.642857
天堂,3.821429
调动,2.896552
同等,3.241379
痛心,3.25
荼毒,3.740741
外患,3.275862
惋惜,3.62069
王后,1.793103
斡旋,3.8
下令,2.607143
嫌隙,3.413793
相机,1.275862
新闻,2.0
醒悟,3.275862
休闲,3.068966
修炼,4.035714
血汗,3.25
严肃,3.344828
页码,1.821429
异味,2.310345
毅力,3.413793
油压,2.464286
愚蠢,3.448276
造诣,3.62069
斟酌,3.888889
争端,3.310345
蒸汽,2.137931
正中,2.888889
之间,3.346154
直角,1.965517
直接,3.068966
至友,2.551724
治本,3.62069
重任,3.206897
追踪,2.793103
自满,3.607143
自我,3.464286
族群,2.5
组合,2.714286
座谈,2.142857
比分,2.62069
笔记,1.896552
笔试,1.827586
便利,3.25
补品,2.586207
常人,2.896552
场面,3.0
车窗,1.37931
诚实,3.344828
出卖,3.517241
出奇,4.0
炊具,1.62069
次序,2.793103
道理,3.785714
颠覆,3.888889
反对,3.034483
反方,2.586207
分化,3.428571
坟地,1.655172
丰收,2.793103
俸禄,2.413793
福利,3.103448
附录,2.275862
港币,1.37931
格言,2.785714
功力,3.538462
固定,2.892857
关怀,3.310345
光明,2.931034
光学,2.607143
国语,1.931034
过世,1.928571
还魂,3.807692
喊叫,2.517241
行事,3.214286
很多,3.615385
胡椒,1.448276
花卉,1.689655
花瓶,1.448276
回升,3.642857
回头,2.482759
会意,3.655172
活埋,2.0
机缘,3.821429
缉拿,2.448276
绩效,2.827586
尖酸,4.111111
讲解,2.758621
郊游,2.0
节省,3.148148
近视,2.035714
禁止,2.642857
惊喜,3.137931
惧怕,3.275862
开工,2.413793
矿坑,2.034483
愧疚,4.0
郎中,2.0
肋骨,1.724138
泪腺,1.857143
利害,4.035714
廉价,3.586207
敛财,3.035714
凉鞋,1.586207
劣势,3.689655
灵巧,3.827586
留意,3.607143
路边,2.103448
冒充,3.5
冒烟,2.034483
莫非,4.083333
暮色,2.689655
年轻,3.0
年长,2.758621
佩戴,2.482759
砒霜,1.689655
片面,3.928571
普及,3.724138
奇景,3.259259
浅见,3.785714
枪械,1.655172
上古,3.740741
设备,2.178571
社交,3.275862
势力,3.827586
水仙,2.103448
缩水,3.206897
提高,3.482759
提示,3.068966
体能,2.655172
同龄,2.482759
土匪,1.965517
退化,3.678571
外籍,2.285714
玩笑,3.206897
桅杆,2.464286
无益,3.884615
悟性,3.862069
项目,2.724138
雄风,3.928571
修身,3.37931
宿愿,3.888889
烟草,1.793103
杨柳,1.517241
仪表,2.586207
银行,1.448276
远见,3.793103
杂费,2.928571
憎恨,3.642857
赠送,2.655172
粘土,1.931034
长途,3.142857
真心,3.586207
正义,3.344828
正值,3.0
值班,2.310345
指望,3.821429
中药,1.758621
住宿,2.137931
注意,3.517241
追逐,3.071429
子爵,2.769231
作文,2.0
板斧,1.625
保安,1.625
变量,3.708333
秉性,3.681818
部下,2.130435
财政,2.416667
藏书,2.26087
察觉,3.25
岔开,2.782609
拆除,1.875
徜徉,3.857143
撤销,2.375
晨曦,2.5
尺寸,2.25
抽烟,1.375
臭味,2.333333
处刑,2.521739
春雨,2.083333
打更,2.208333
怠慢,3.434783
单独,2.304348
单调,3.304348
得罪,2.791667
地痞,1.875
弟子,1.791667
递增,2.666667
短路,3.0
断定,2.5
发呆,2.25
饭桶,2.304348
封号,2.869565
告诉,2.75
拱门,1.909091
谷底,2.565217
顾忌,3.208333
乖戾,3.875
观点,3.208333
归西,2.826087
果敢,2.625
海洋,1.416667
毫发,2.958333
后面,2.166667
黄泉,3.541667
机会,3.0
吉日,2.958333
见习,2.958333
交易,2.25
狡辩,2.75
劫持,2.083333
劫狱,1.958333
惊险,2.958333
绝版,2.125
卡车,1.208333
恳求,3.043478
空虚,3.666667
捆绑,2.041667
朗诵,2.041667
理由,2.916667
立方,2.782609
利益,3.333333
列车,1.333333
瞒骗,3.125
冒牌,2.863636
玫瑰,1.25
门楣,2.863636
面具,2.086957
抹布,1.5
囊括,3.434783
闹剧,2.958333
溺水,2.0
努力,2.833333
螃蟹,1.083333
泡饭,1.458333
启动,2.833333
起居,2.5
汽车,1.291667
强硬,3.0
瞧见,2.791667
清单,2.5
清晰,2.916667
闰年,2.041667
升任,2.826087
绳索,1.583333
世交,2.791667
视觉,2.347826
兽医,1.375
水管,1.083333
塌陷,2.125
特异,3.652174
图书,1.625
违法,2.708333
喂养,2.333333
温和,2.958333
午休,1.833333
误杀,2.608696
习武,2.0
席地,3.083333
卸任,2.708333
心事,3.391304
修养,3.25
许多,2.75
悬赏,2.458333
雅观,3.272727
眼镜,1.25
演技,3.0
阳寿,2.708333
药检,2.5
益处,3.166667
鸳鸯,2.0
月亮,1.375
阅历,3.0
运作,3.217391
灶台,1.583333
掌纹,1.583333
珍奇,3.347826
诊治,2.333333
阵容,2.565217
正直,2.5
直觉,3.375
专制,3.217391
转播,2.541667
自尽,2.304348
总之,3.409091
纵容,2.833333
按铃,1.782609
薄弱,3.291667
本性,3.833333
飙升,2.875
不满,2.913043
才华,3.083333
册封,3.304348
搀扶,2.333333
肠胃,1.5
朝气,3.208333
打鼓,1.625
单车,1.375
低能,3.083333
低下,2.958333
敌军,2.083333
惦念,3.5
毒计,3.125
繁琐,3.291667
方便,2.958333
访华,2.083333
分寸,3.041667
风铃,1.416667
风靡,3.434783
风沙,1.875
夫妇,1.583333
父亲,1.333333
付出,2.913043
附和,3.5
富足,2.791667
膏药,1.625
功臣,2.5
供电,2.125
关注,2.833333
官员,1.875
规例,2.869565
国籍,1.75
横跨,2.75
烘干,2.083333
幻想,3.75
皇后,1.583333
黄蜂,1.375
己任,3.391304
挤压,2.458333
家畜,2.041667
揭晓,3.25
节庆,2.5
进展,3.166667
剧院,1.791667
飓风,2.333333
绝缘,2.791667
磕头,1.666667
栏杆,1.291667
凌迟,2.958333
流汗,1.833333
聋哑,1.625
骆驼,1.416667
门户,2.75
密室,2.291667
墨水,1.583333
男孩,1.458333
农村,1.833333
农具,1.625
胚芽,2.208333
澎湃,3.73913
偏见,3.166667
片刻,3.291667
平房,1.458333
平滑,2.541667
钱币,1.333333
歉疚,3.333333
亲切,3.0
青蛙,1.458333
热中,3.6
睿智,3.75
纱布,1.25
商量,2.875
圣诞,1.958333
失信,3.208333
施法,3.35
示范,2.916667
硕士,1.958333
思虑,3.375
坦然,2.916667
逃生,2.75
特制,3.041667
天主,3.208333
通融,3.666667
投宿,2.375
投资,2.416667
图画,1.833333
图片,1.791667
徒弟,1.583333
武器,2.0
昔日,3.173913
下属,2.083333
线条,2.375
泄漏,2.833333
杏仁,1.291667
削发,2.25
血缘,2.375
讶异,3.083333
遥控,2.291667
业务,2.75
踊跃,3.208333
用药,2.291667
幽默,3.541667
幽雅,3.541667
右眼,1.25
愉快,2.791667
原子,3.0
在职,2.333333
赞成,2.541667
赞助,2.75
站长,1.875
长短,2.375
长官,1.916667
执法,2.541667
直率,3.125
质量,2.708333
装扮,2.458333
酌情,3.625
字母,1.791667
足够,2.916667
暧昧,3.5
安葬,1.709677
班底,3.035714
磅礴,3.903226
边际,3.516129
草稿,1.724138
草芥,3.241379
蟾蜍,1.290323
谄媚,3.4
磁碟,1.892857
道义,3.967742
等级,2.689655
低沉,3.354839
电阻,2.266667
督察,2.516129
妒忌,2.903226
端庄,3.0
多心,3.551724
犯人,1.387097
焚烧,1.580645
感动,3.225806
睾丸,1.258065
公证,2.774194
含冤,3.133333
行凶,2.354839
和谐,3.290323
后劲,3.392857
恢复,3.129032
活塞,1.870968
鸡屎,1.16129
计划,2.870968
寄信,1.645161
加倍,2.870968
奸臣,2.0
肩负,3.366667
将近,3.724138
交替,3.206897
届满,3.178571
经典,3.709677
精神,3.8
决胜,3.225806
恐惧,3.064516
跨栏,1.612903
宽衣,2.096774
浪费,2.645161
厘米,1.612903
遴选,3.321429
旅游,2.032258
妈妈,1.166667
美景,2.433333
妹夫,1.533333
蒙蔽,3.548387
秒钟,1.6
明亮,2.612903
明喻,3.678571
命案,2.129032
目睹,2.451613
殴打,1.677419
呕吐,1.516129
气泡,1.580645
欠债,2.225806
青草,1.322581
球队,1.466667
锐角,1.677419
砂石,1.516129
商场,1.451613
生病,2.387097
圣地,3.166667
食谱,1.774194
试验,2.741935
术士,3.034483
述说,3.096774
霜降,2.2
水蛇,1.419355
水源,1.806452
死囚,1.741935
挑逗,3.612903
厅堂,1.774194
同胞,2.16129
突破,3.290323
椭圆,1.806452
外汇,2.3
玩具,1.466667
威逼,3.387097
威吓,3.129032
围墙,1.533333
稳重,3.354839
问候,3.066667
武打,2.774194
西藏,1.129032
下降,2.645161
卸妆,1.935484
辛辣,2.451613
匈奴,1.903226
学童,1.677419
雪茄,1.290323
徇私,3.548387
演奏,2.322581
洋葱,1.16129
疑云,3.933333
意识,4.290323
影射,4.0
油画,1.806452
浴缸,1.225806
预想,3.806452
源自,4.035714
赠品,2.0
战机,1.8
长城,1.16129
照常,3.62069
箴言,2.892857
阵亡,2.258065
止渴,2.4
指定,2.741935
指控,3.032258
皱眉,1.483871
祝福,3.064516
筑巢,2.096774
转机,3.433333
装傻,2.733333
装置,2.096774
总统,1.290323
醉拳,2.096774
尊重,3.419355
按摩,2.16129
白热,3.62963
被害,2.806452
玻璃,1.258065
参考,3.387097
灿烂,3.548387
茶叶,1.129032
差异,3.451613
常温,2.516129
超度,4.074074
超重,2.16129
吵架,1.870968
吵闹,2.354839
冲劲,3.677419
喘息,2.387097
磁力,2.935484
此后,3.758621
刀剑,1.354839
诋毁,3.483871
抵达,2.516129
电脑,1.096774
定局,3.16129
短片,1.806452
发泄,3.290323
泛舟,2.419355
费解,3.548387
分秒,2.166667
尴尬,3.741935
挂念,3.516129
关照,3.225806
归功,3.645161
诡诈,3.806452
黑暗,2.225806
护照,1.290323
花甲,2.206897
诙谐,3.766667
挥霍,3.419355
祸患,3.258065
加刑,2.83871
健康,2.866667
介绍,2.7
金牌,1.366667
局促,3.533333
卡片,1.322581
慨叹,3.3
刻意,3.548387
垦荒,2.233333
快餐,1.516129
款待,2.677419
唠叨,2.677419
连锁,3.066667
灵感,3.967742
流程,2.870968
茫然,4.064516
梦境,3.580645
灭绝,2.741935
母舰,1.833333
奶粉,1.129032
恼火,3.354839
盘子,1.290323
泡茶,1.709677
漂浮,2.483871
平定,3.064516
仆役,1.9
企鹅,1.064516
强弱,3.586207
峭壁,1.612903
青春,3.354839
轻微,3.633333
情势,3.677419
雀斑,1.580645
日历,1.451613
如此,3.75
入夜,2.677419
赊账,2.483871
申辩,2.870968
生殖,2.129032
省却,3.464286
失火,2.0
实施,2.935484
事故,2.129032
手感,3.129032
双子,3.291667
水母,1.322581
水塘,1.225806
司仪,1.677419
思乡,3.612903
锁链,1.612903
他人,2.741935
踏实,3.419355
太多,3.172414
梯形,1.774194
提升,3.266667
天色,2.580645
条理,3.290323
调整,3.366667
同义,3.2
微笑,1.967742
无力,3.516129
系统,2.8
纤维,2.258065
香烟,1.225806
镶嵌,2.967742
向心,3.4
亚裔,1.83871
样子,3.193548
一切,3.740741
义演,2.655172
淤积,3.133333
怨言,3.0
在乎,3.354839
糟蹋,2.866667
张贴,1.967742
障碍,2.806452
遮掩,2.935484
知名,3.133333
直观,3.677419
致病,3.137931
中庭,2.521739
钟楼,1.448276
骤雨,1.741935
资源,3.1
纵情,3.833333
安慰,2.791667
白骨,2.291667
不对,2.416667
不再,3.565217
菜苗,1.958333
蚕豆,1.375
茶壶,1.5
痴心,3.75
臭氧,2.041667
窗口,2.166667
瓷器,1.583333
从政,2.916667
村镇,1.833333
大便,1.416667
低估,3.434783
叮当,3.434783
冬季,1.833333
动静,3.583333
惰性,3.291667
砝码,2.695652
帆布,1.666667
钢笔,1.166667
膈膜,3.304348
跟踪,3.043478
勾当,3.666667
规定,2.652174
合拍,3.25
衡量,3.541667
后来,3.625
后腿,2.217391
化验,2.666667
黄色,2.25
惠顾,3.086957
婚礼,1.833333
积分,2.545455
急促,3.166667
价钱,2.5
价值,3.541667
矫形,2.913043
教主,2.625
解决,3.333333
禁欲,2.869565
旧事,3.333333
剧情,3.083333
爵士,2.416667
开腔,3.3
堪称,3.958333
考官,1.75
烤肉,1.625
孔雀,1.208333
劳苦,3.73913
老千,3.434783
雷电,1.583333
立场,3.583333
利息,2.458333
连累,3.304348
镰刀,1.5
量子,3.478261
轮回,4.043478
马厩,1.541667
蜜蜂,1.25
苗条,2.958333
民俗,3.208333
明天,2.333333
念诵,2.391304
女童,1.583333
配合,3.083333
披散,3.545455
品质,3.333333
品种,2.75
平静,3.208333
祈福,3.25
潜力,3.708333
蜻蜓,1.333333
惹祸,3.333333
仁兄,2.625
荣幸,3.625
撒娇,3.041667
色彩,2.958333
神话,3.666667
声望,3.869565
史诗,3.25
使命,3.666667
适宜,3.833333
收藏,2.521739
淑女,2.541667
水车,1.541667
睡衣,1.416667
体察,3.695652
调停,3.478261
铁桥,1.833333
童工,1.708333
望族,3.681818
温差,2.833333
吸热,3.208333
心计,3.869565
新潮,3.666667
新婚,2.041667
雄蜂,1.291667
严寒,2.333333
药材,1.916667
要人,3.5
液晶,1.916667
一样,3.434783
衣橱,1.375
医药,2.541667
遗书,2.083333
遗物,1.916667
营火,2.590909
营养,3.478261
勇夺,4.0
援兵,2.291667
云朵,1.625
噪音,2.458333
占据,3.565217
长笛,1.541667
照应,3.833333
窒息,3.041667
主题,3.782609
驻军,2.173913
装卸,2.041667
桌面,1.875
茁壮,3.565217
钻石,1.5
班级,2.333333
扮演,3.208333
绑匪,1.583333
报告,2.521739
暴晒,2.625
悲哀,3.708333
北面,2.375
查案,2.541667
柴油,1.375
乘法,2.375
吃饭,1.833333
吃惊,3.25
池塘,1.416667
赤足,2.25
璀璨,3.958333
存活,3.347826
搭车,2.041667
打工,2.166667
电话,1.5
独特,4.041667
对峙,3.291667
扉页,2.5
峰会,2.833333
蜂蜜,1.291667
福气,3.833333
复杂,3.695652
跟随,2.913043
公爵,2.0
官职,2.565217
锅盖,1.583333
汉奸,2.25
核弹,1.5
后果,3.75
会员,2.458333
混蛋,2.791667
稽查,2.782609
价格,2.125
坚决,3.347826
减价,2.125
剪彩,2.083333
简单,3.333333
简明,3.666667
酱油,1.625
叫苦,3.333333
捷径,3.434783
近日,3.291667
决断,3.541667
科技,3.041667
蝌蚪,1.333333
空壳,2.772727
快活,3.75
旷野,2.916667
扩张,3.708333
乐园,2.625
雷声,1.875
聊天,2.375
菱形,1.833333
零星,3.521739
留学,2.0
陋室,3.0
卵巢,1.625
论据,3.043478
螺旋,2.416667
蒙混,3.625
名号,3.0
男女,1.875
内力,4.0
年代,2.521739
念头,3.833333
凝结,3.583333
排外,3.695652
叛乱,2.75
皮鞭,1.5
匹敌,3.5
前往,2.913043
勤劳,3.041667
人祸,3.291667
丧命,2.458333
山泉,1.75
赏赐,2.869565
社员,2.208333
省略,3.347826
事迹,3.0
守望,3.434783
寿宴,2.333333
受孕,2.25
梳洗,2.166667
鼠疫,1.791667
四处,3.652174
四海,3.625
松弛,3.347826
台阶,2.25
太阳,1.333333
淘汰,2.826087
同步,3.333333
骰子,1.375
图鉴,2.333333
土著,2.695652
蔚蓝,3.291667
瞎子,2.043478
享受,3.583333
哮喘,2.0
刑警,1.583333
宣传,3.166667
掩饰,3.458333
佯攻,3.434783
以上,3.55
翌日,2.791667
阴凉,2.791667
英军,1.869565
影坛,2.416667
应当,3.818182
硬币,1.458333
幼稚,3.833333
鱼竿,1.25
雨伞,1.541667
遇险,3.090909
御赐,3.333333
炸鸡,1.458333
只顾,4.0
制订,3.166667
滞销,3.125
左脚,1.625
矮小,1.677419
巴结,2.935484
把握,3.580645
斑纹,1.935484
包抄,2.870968
背叛,2.645161
倍增,2.709677
本土,2.366667
表扬,1.967742
冰糖,1.225806
并且,3.75
病榻,2.4
仓促,3.064516
沉默,2.354839
赤子,3.035714
丑事,2.903226
出色,2.935484
船票,1.258065
创刊,2.433333
地球,1.419355
地狱,3.612903
吊灯,1.258065
定律,3.413793
洞窟,2.032258
短暂,3.5
婀娜,3.83871
飞吻,1.935484
风格,3.766667
夫子,2.928571
敷衍,3.129032
俯视,2.322581
负面,3.193548
改善,3.172414
感性,3.935484
钢筋,1.322581
股票,1.903226
呵斥,2.677419
赫然,4.071429
欢聚,2.064516
幻象,3.903226
换气,2.310345
荒岛,1.580645
回声,2.483871
及时,2.827586
纪念,3.032258
艰苦,2.709677
兼职,1.967742
交通,2.033333
巨大,2.548387
开除,2.032258
扣押,2.096774
枯燥,3.129032
列国,3.25
临海,2.064516
令郎,1.827586
流言,3.129032
吗啡,1.774194
门锁,1.16129
门诊,1.83871
绵力,3.708333
渺小,3.225806
明晚,1.580645
明月,1.483871
命苦,3.16129
漂流,2.451613
婆婆,1.419355
前辈,1.903226
前生,3.233333
钳制,3.0
桥头,1.580645
憔悴,2.612903
亲人,1.774194
去处,3.225806
劝解,2.645161
群众,2.193548
认罪,2.612903
弱智,2.645161
扫描,2.612903
善后,3.129032
声调,2.129032
失恋,2.032258
手册,1.677419
树脂,1.709677
塑胶,1.516129
谈天,3.266667
贴近,2.7
通过,2.655172
徒手,2.516129
拖延,2.967742
外资,2.290323
晚装,1.6
王室,1.9
王族,2.322581
位于,3.241379
温度,2.129032
无机,3.461538
县城,1.806452
象棋,1.225806
笑声,1.741935
新人,2.258065
信任,2.833333
信箱,1.322581
宿舍,1.322581
需要,3.354839
驯服,3.066667
衙门,1.774194
亚军,1.5
遗容,2.322581
疑惑,3.3
应战,3.064516
佣金,2.129032
忧愁,3.225806
鱼塘,1.419355
再见,2.517241
在场,2.483871
执导,3.034483
止血,1.709677
指挥,2.064516
志气,3.451613
治标,3.142857
重启,2.290323
重生,3.133333
助阵,2.709677
醉心,4.0
碍眼,3.290323
边沿,2.466667
便秘,1.83871
别墅,1.387097
不料,3.689655
布料,1.774194
采访,2.032258
采用,2.741935
承办,2.870968
除外,3.482759
触动,3.193548
纯粹,3.967742
祠堂,1.451613
刺杀,1.967742
代谢,2.966667
毒品,1.548387
恩惠,3.16129
防卫,2.451613
仿冒,2.774194
放荡,3.580645
枫叶,1.290323
奉告,3.129032
佛教,1.83871
否则,3.466667
扶助,2.645161
负担,2.933333
纲领,2.6
公尺,1.677419
公函,1.766667
惯性,2.806452
国民,1.935484
过境,2.428571
海床,2.516129
海滩,1.387097
行人,1.870968
贺卡,1.580645
花瓣,1.516129
花费,2.645161
回礼,2.16129
荟萃,3.482759
晦涩,3.928571
畸形,2.677419
激战,2.709677
极光,2.0
己见,3.516129
贱人,2.62069
交给,2.866667
焦虑,3.064516
教宗,2.535714
结账,1.774194
解析,2.806452
戒指,1.258065
金币,1.354839
禁闭,2.709677
开支,2.258065
苛求,3.258065
科学,3.193548
克星,2.935484
口味,2.806452
匮乏,3.354839
老伯,1.483871
力学,2.83871
炼钢,1.677419
料想,3.548387
烈焰,2.225806
临终,2.333333
铃声,1.645161
裸体,1.483871
盲点,3.096774
冒犯,3.354839
铭记,2.967742
木屋,1.290323
拿走,2.483871
内向,3.16129
披露,3.322581
瀑布,1.16129
气力,2.689655
弃婴,1.645161
铅球,1.258065
巧匠,2.612903
俏皮,2.967742
惬意,3.516129
清醒,2.580645
任何,3.655172
日记,1.483871
熔化,2.064516
三角,1.677419
诗人,1.741935
使用,2.677419
薯条,1.225806
他日,3.689655
特别,3.7
体贴,2.774194
天花,2.172414
调情,3.451613
退步,2.806452
蜕变,3.1
温驯,2.967742
午睡,1.709677
务必,3.290323
溪谷,1.866667
相对,3.516129
香气,2.129032
性格,3.064516
宿怨,3.466667
锈迹,2.258065
酗酒,2.096774
雪人,1.451613
窑洞,1.290323
营造,3.16129
在位,3.133333
早上,1.612903
展品,1.806452
真空,2.516129
挣脱,3.129032
殖民,2.419355
治安,2.580645
中叶,3.230769
准则,3.096774
灼热,2.7
咨询,2.645161
罪人,2.258065
包括,2.76
饱尝,2.84
保险,2.0
变态,3.304348
表白,2.346154
兵力,2.423077
财神,2.12
操练,2.192308
曾祖,1.615385
厂房,1.5
承认,2.423077
澄清,2.653846
踌躇,3.086957
出丑,3.076923
出价,2.24
出境,1.923077
处罚,2.72
传令,2.5
传说,3.692308
啜泣,1.88
次等,3.307692
搭档,1.923077
嫡传,1.884615
典籍,2.038462
点灯,1.846154
碘酒,1.230769
儿女,1.423077
发狂,3.24
反弹,3.416667
反攻,2.769231
锋利,2.44
敷药,1.884615
浮现,3.884615
妇科,2.307692
告别,2.576923
官能,3.652174
贵姓,1.92
过客,3.0
海岸,1.884615
海峡,1.923077
寒假,1.846154
行动,3.192308
合理,3.6
回忆,3.653846
火山,1.230769
极权,3.791667
寄生,3.230769
加冕,2.92
缰绳,2.2
接触,3.0
结合,3.461538
锦标,3.08
精华,3.96
窘境,3.269231
开恩,3.608696
课本,1.5
来信,1.884615
滥用,3.538462
历险,3.307692
伶俐,3.307692
灵性,4.153846
幔帐,2.583333
面相,2.64
呐喊,2.0
男人,1.230769
闹市,2.269231
宁愿,3.846154
扭伤,1.961538
暖气,1.769231
虐待,2.68
培训,2.346154
飘泊,3.576923
屏障,3.038462
歧途,3.423077
气量,4.375
器官,1.884615
穷人,2.115385
如果,4.416667
洒脱,3.576923
上演,3.36
生肖,1.807692
失窃,2.038462
市镇,1.68
事务,2.807692
树林,1.423077
送货,1.769231
讨伐,3.08
污水,1.423077
无耻,3.730769
误会,3.269231
蜥蜴,1.153846
洗雪,4.285714
仙人,3.84
相近,3.375
香艳,3.615385
想法,3.730769
心醉,3.923077
信奉,3.576923
性质,3.423077
许久,3.083333
选举,2.038462
延长,3.038462
演变,3.461538
仰角,2.8
腰带,1.269231
遗照,1.461538
屹立,3.461538
抑制,3.346154
右手,1.153846
圆滑,3.884615
栽培,2.961538
针线,1.461538
真实,3.346154
镇定,3.115385
知音,3.269231
忠贞,3.5
周到,3.653846
专注,3.346154
追忆,3.846154
走失,2.230769
足迹,2.576923
组队,2.076923
遵照,2.846154
安静,2.92
百姓,2.0
伴郎,1.653846
表象,3.807692
病历,1.615385
波及,3.8
才能,3.576923
谗言,3.423077
猖狂,3.76
车箱,1.423077
撤职,2.461538
冲锋,2.653846
出生,2.115385
出席,2.0
磁铁,1.692308
打动,3.461538
担任,3.076923
得救,2.5
的确,3.304348
敌意,3.307692
地震,1.384615
地主,1.807692
动词,3.307692
堵塞,2.6
度过,3.44
对骂,2.384615
恶运,3.692308
仿生,3.391304
飞弛,3.375
封条,1.692308
烽火,2.423077
夫妻,1.5
伏法,2.75
干部,2.192308
干线,2.92
革职,2.423077
阁下,2.16
根治,2.84
贡品,2.192308
规则,2.72
闺秀,2.32
后盾,3.12
后勤,2.307692
候选,2.576923
回味,3.730769
混合,3.269231
记述,2.769231
甲子,2.272727
江山,3.28
叫喊,2.153846
阶段,3.384615
揭露,3.115385
解脱,3.692308
锦衣,2.72
举办,2.653846
绝对,3.25
客官,1.846154
口碑,3.384615
宽恕,3.615385
礼节,3.038462
流行,3.807692
旅费,1.961538
满座,2.076923
门路,3.5
免疫,3.16
女孩,1.346154
爬山,1.653846
胚胎,2.269231
批次,2.769231
劈柴,1.615385
频繁,3.2
评定,2.92
破坏,2.653846
魄力,3.846154
切磋,3.269231
请愿,3.12
躯壳,2.346154
仁厚,3.307692
乳房,1.269231
撒谎,3.192308
时差,2.384615
识别,2.884615
拾荒,2.6
食粮,1.84
室内,1.730769
受难,3.16
疏远,3.36
说谎,3.0
嘶叫,2.384615
四周,2.68
松鼠,1.076923
素描,2.12
套房,1.666667
贴身,2.576923
托管,2.461538
拖鞋,1.115385
网络,2.807692
位列,3.038462
虾米,1.576923
巷子,1.730769
橡树,1.346154
宵禁,2.384615
笑骂,2.76
新年,1.769231
修补,2.384615
阎王,2.64
药物,1.653846
依照,3.269231
银币,1.384615
用兵,3.04
诱导,3.538462
迂腐,3.84
余波,3.583333
原始,3.269231
招租,2.307692
支出,2.423077
肢体,1.807692
制裁,3.307692
主妇,2.038462
紫红,2.115385
总和,2.36
走散,2.615385
座位,1.538462
挨饿,2.0
爱情,3.4
安祥,2.958333
把戏,3.24
包厢,1.44
报社,1.44
卑职,3.208333
北约,1.842105
背后,2.458333
背脊,1.76
便餐,1.92
遍布,3.416667
标本,2.0
波浪,1.76
脖子,1.16
不然,4.052632
不幸,3.36
草书,2.0
倡议,3.0
成本,2.52
成长,3.541667
冲动,3.583333
冲破,3.12
次要,3.32
打雷,1.6
佃农,1.695652
而今,3.583333
发愁,3.083333
发慌,3.12
发射,2.125
范畴,3.782609
俘虏,1.88
干掉,3.130435
古板,3.24
诡计,3.125
国家,1.72
含蓄,3.36
何谓,4.0
轰动,3.041667
候鸟,1.68
画面,2.72
籍贯,1.68
继承,2.76
家事,2.68
建功,3.083333
僵硬,2.6
讲师,1.56
今昔,3.409091
卷轴,1.833333
决斗,2.48
军人,1.12
亢奋,3.32
蓝鲸,1.16
老早,3.76
冷清,3.32
零用,2.619048
蒙古,1.16
妙计,3.12
明朝,1.458333
默祷,3.5
某些,4.304348
叛逆,3.28
朋友,1.666667
评论,1.916667
棋子,1.869565
气候,2.291667
墙壁,1.32
情人,2.36
区分,2.913043
去向,3.208333
犬齿,1.869565
筛选,2.826087
山羊,1.04
商榷,3.5
商议,3.08
上书,2.782609
师父,1.72
蔬菜,1.84
耍弄,3.52
水塔,1.541667
睡意,3.16
颂赞,3.28
太空,2.72
淘金,2.958333
特辑,2.583333
庭园,1.48
顽童,2.208333
围困,3.25
味蕾,2.56
伍长,2.545455
务农,2.12
先驱,2.72
霰弹,1.666667
新奇,3.75
熊市,2.590909
虚名,3.52
悬崖,1.56
熏陶,3.8
烟囱,1.32
延时,3.16
研究,3.08
研习,3.08
野兽,1.72
异物,2.88
有关,3.458333
愿意,3.333333
韵律,3.36
炸药,1.36
张开,3.043478
长子,1.4
兆头,3.88
着陆,2.32
着手,3.041667
政见,2.791667
值钱,3.0
指南,2.565217
置业,2.454545
住院,1.72
转型,3.44
准许,2.958333
奏乐,2.24
足球,1.12
作乐,3.16
做作,3.875
拜师,2.2
暴力,2.64
本身,3.090909
操纵,3.44
钞票,1.32
朝代,2.28
朝鲜,1.12
撤退,2.56
称赞,2.96
出身,2.92
床垫,1.2
吹牛,3.16
纯正,3.44
蠢材,2.416667
答应,2.76
打火,2.125
打捞,1.92
大臣,1.72
待人,2.96
道场,2.130435
定期,2.72
毒打,2.08
多种,3.26087
扼杀,3.24
发型,1.88
放羊,1.375
肺炎,1.52
分工,2.88
奋斗,3.52
伏兵,2.28
胳膊,1.08
桂冠,2.291667
果树,1.72
过时,3.28
化痰,2.48
怀旧,3.36
荒唐,3.48
会费,1.666667
会见,2.6
或许,3.958333
冀望,4.12
假冒,2.958333
尖刀,1.666667
坚强,3.16
教堂,1.52
景象,2.64
纠正,2.791667
考生,1.56
恐吓,2.84
枯井,1.75
兰花,1.12
篮子,1.28
雷同,3.208333
练习,2.64
卖弄,3.36
漫画,1.88
描写,3.08
藐视,3.44
名牌,2.0
那天,3.5
溺爱,3.0
年糕,1.32
娘家,1.72
喷泉,1.36
片酬,2.12
沏茶,1.64
前景,3.625
窃笑,2.625
劝阻,2.64
缺德,3.0
容忍,2.875
入狱,1.76
撒网,2.0
杀菌,1.88
上路,3.045455
蛇蝎,2.875
设立,3.0
神学,3.043478
生涯,3.36
省悟,3.304348
失守,3.043478
首长,1.76
瘦弱,2.24
舒适,2.96
说客,2.16
四散,3.4
送客,2.32
踏入,2.875
太公,2.043478
态度,3.32
贪污,2.12
搪瓷,2.318182
体面,3.12
体坛,2.25
铜器,1.72
推卸,3.4
为期,3.333333
污秽,3.2
相片,1.666667
巷战,2.045455
心疼,3.08
凶狠,3.12
宣誓,2.333333
一般,3.625
轶事,2.826087
意境,3.875
余韵,3.73913
早晨,1.8
早点,1.916667
章节,2.25
找到,2.8
贞操,3.0
侦探,1.68
智商,2.88
稚嫩,3.04
中庸,3.666667
忠烈,3.208333
主观,3.92
贮存,2.458333
铸造,2.28
钻研,3.28
昨晚,2.0
作主,2.875
安置,2.538462
办报,3.153846
崩溃,3.0
比较,3.115385
鄙人,2.076923
猜测,3.230769
裁判,2.038462
仓惶,3.538462
藏族,1.653846
颤栗,2.730769
乘客,1.653846
程度,3.923077
逞强,2.961538
丑化,3.307692
刺激,3.115385
从良,3.12
达观,3.791667
鞑靼,3.142857
登山,1.692308
低调,3.192308
顶点,2.48
法定,2.923077
防盗,2.52
放牧,2.115385
佛经,2.384615
赶路,2.076923
公路,1.576923
功德,4.0
固执,3.192308
喝酒,1.576923
河流,1.576923
洪水,1.769231
吼叫,2.28
花生,1.346154
回归,3.384615
回收,2.625
混乱,3.346154
祸害,3.230769
记者,1.615385
监禁,2.5
兼顾,3.307692
接合,3.461538
揭幕,2.923077
戒心,3.5
句号,1.807692
空战,2.384615
叩头,1.615385
酷刑,2.692308
宽敞,2.769231
狂暴,3.230769
老树,1.923077
了解,3.5
雷池,3.88
亮光,2.076923
烈士,1.769231
领带,1.346154
密探,2.68
缅怀,3.5
面孔,2.28
鸣谢,3.115385
内奸,2.384615
尿频,2.192308
派对,2.346154
咆哮,2.423077
片断,3.153846
婆妈,3.2
起草,2.846154
气派,3.230769
巧合,3.346154
曲奇,2.16
痊愈,2.576923
然后,3.692308
染色,2.269231
任命,2.76
扫地,1.730769
扫墓,1.807692
砂锅,1.384615
生命,3.153846
实力,3.730769
事先,3.76
收容,3.038462
暑假,1.807692
衰老,2.807692
水球,1.833333
水银,1.461538
思念,3.769231
苏联,1.653846
溯源,3.75
涕泣,2.423077
通知,2.576923
同党,2.692308
退烧,1.916667
脱落,2.730769
文风,4.038462
蚊虫,1.807692
系列,3.615385
仙境,3.846154
雄厚,3.615385
熊掌,1.461538
叙旧,3.0
烟幕,2.72
殃及,3.653846
耀眼,2.692308
叶酸,2.230769
已故,2.346154
因缘,3.615385
映照,3.64
慵懒,3.2
用途,3.04
鱼雷,1.76
元首,2.038462
陨石,1.807692
运动,2.576923
蕴含,4.115385
灾民,2.192308
载货,2.384615
正餐,1.807692
执行,3.307692
职位,2.576923
重量,2.24
桌椅,1.346154
资历,3.538462
子宫,1.692308
子夜,2.782609
暗示,3.846154
翱翔,3.16
备课,2.423077
本色,3.615385
彩色,2.384615
承担,3.538462
吃亏,3.538462
冲力,3.36
丑态,3.307692
磁场,2.923077
大雾,1.961538
大众,2.884615
道别,2.538462
敌视,3.346154
恶毒,3.346154
发觉,3.576923
非凡,3.92
纷扰,3.846154
腹肌,1.653846
格子,2.038462
工头,2.192308
共识,3.269231
滚水,2.956522
过敏,2.615385
海量,3.5
罕见,3.423077
好学,3.230769
胡闹,3.346154
荒谬,4.0
基地,2.576923
计算,2.961538
技术,3.5
寄宿,2.269231
家访,1.961538
舰艇,1.576923
酵素,2.576923
结石,2.038462
浸透,3.307692
卷入,3.5
军营,1.961538
刻苦,3.769231
肯定,3.115385
苦涩,3.153846
况且,3.846154
劳作,2.84
老鼠,1.269231
泪水,1.576923
理解,3.653846
力气,3.192308
獠牙,2.615385
领略,3.68
流沙,2.230769
笼罩,3.76
陋习,3.346154
喽罗,3.227273
录影,2.269231
沦落,3.76
落日,1.653846
麻雀,1.153846
谋反,3.230769
木门,1.5
幕后,3.24
内乱,3.48
派别,3.375
判官,2.5
碰头,2.5
脾气,3.269231
偏心,3.384615
齐名,3.36
气压,2.769231
求生,3.307692
酋长,2.153846
人质,2.115385
荣辱,3.961538
赛马,2.0
骚扰,3.24
烧毁,2.36
哨子,1.884615
省长,1.692308
盛放,3.24
盛世,3.384615
十足,3.96
士兵,1.576923
手心,1.653846
输家,2.769231
树龄,2.692308
丝带,1.730769
塔楼,1.884615
踏足,3.423077
汤匙,1.423077
提出,3.269231
调味,2.807692
听众,2.153846
妥善,3.807692
挖苦,3.653846
万幸,3.961538
卫兵,1.692308
味道,3.192308
温习,3.115385
西瓜,1.538462
小人,3.269231
兴趣,3.538462
严重,3.923077
样本,2.692308
要塞,2.666667
夜盲,2.6
疑问,3.5
姻缘,3.230769
拥戴,3.4
邮购,2.346154
余力,3.72
宇航,2.423077
冤仇,3.576923
元气,4.08
原因,3.6
约束,3.64
战斗,2.576923
正宗,3.807692
治病,2.576923
中秋,1.923077
衷心,3.461538
洲际,3.4
阻碍,3.692308
奥妙,3.555556
白痴,2.37037
班房,1.961538
搬家,1.518519
悲愤,2.851852
毕生,3.269231
编写,2.259259
标枪,1.52
兵役,2.074074
驳船,2.181818
布施,3.25
城墙,1.148148
橙汁,1.074074
充军,2.740741
穿越,3.777778
创伤,3.037037
吹嘘,3.407407
炊烟,1.814815
从业,2.703704
答案,2.153846
代价,3.5
地址,1.814815
典当,2.461538
电池,1.222222
吊唁,2.923077
对话,2.851852
对调,3.115385
恩怨,3.518519
发愣,2.888889
发明,3.2
方圆,3.37037
分钟,2.407407
附注,2.185185
复数,2.703704
改革,3.461538
干涸,2.407407
革命,3.518519
公敌,3.148148
股市,2.481481
国旗,1.222222
过错,3.185185
好意,3.148148
鸿毛,3.16
呼应,3.5
幻灭,4.111111
昏暗,2.555556
机密,3.037037
跻身,3.583333
加油,3.269231
假日,2.0
交代,3.148148
节目,1.888889
景观,2.222222
拘留,2.037037
可能,3.791667
腊肠,1.518519
来往,3.259259
礼貌,2.740741
林地,1.888889
凌霄,3.956522
流畅,3.4
隆重,3.333333
马贼,2.125
免费,2.259259
面粉,1.148148
民营,2.461538
哪怕,4.291667
纳豆,2.130435
内容,3.0
泥泞,2.296296
啤酒,1.222222
恰当,3.5
潜能,3.740741
强身,2.925926
樵夫,1.444444
劝说,3.037037
雀巢,2.36
柔软,3.0
肉类,2.259259
润滑,2.807692
撒旦,2.666667
神志,4.074074
盛情,3.666667
寿命,2.592593
水泥,1.333333
抬举,3.538462
炭火,1.740741
提倡,3.333333
头晕,2.296296
透彻,3.88
团长,2.111111
挖掘,2.62963
外国,2.518519
晚节,3.72
王国,2.666667
文盲,2.37037
问罪,2.96
犀牛,1.222222
锡纸,1.259259
夏天,1.846154
罅隙,3.714286
肖像,2.740741
消暑,3.037037
协助,3.074074
信念,4.296296
信誉,3.444444
演化,4.037037
谣言,3.148148
逸事,3.6
音讯,3.153846
迎合,3.555556
臃肿,2.461538
渔村,1.814815
远方,3.814815
长度,2.407407
着色,2.875
志向,3.740741
制伏,2.703704
重点,2.740741
重视,3.192308
骤变,3.444444
珠峰,1.962963
逐出,3.16
自卑,3.259259
挨打,2.222222
暗号,3.037037
伴侣,1.888889
报答,3.37037
本剧,2.961538
比武,2.333333
表带,2.0
病毒,2.692308
播放,2.518519
才貌,3.259259
测验,2.703704
臣服,3.115385
呈现,3.346154
迟钝,3.185185
持械,2.583333
辞职,2.111111
凑数,2.962963
挡风,2.384615
倒闭,2.481481
冬天,1.666667
躲避,2.703704
恶劣,3.481481
房间,1.62963
飞越,3.444444
分娩,1.961538
蜂巢,1.703704
福分,3.807692
附加,3.153846
复兴,3.62963
丐帮,2.307692
甘甜,2.777778
感伤,3.740741
各种,3.75
根茎,1.730769
恭迎,3.269231
还债,2.037037
海狮,1.407407
酣睡,2.518519
好恶,3.4
狠心,3.111111
惠及,3.730769
火柴,1.481481
火锅,1.703704
伙计,2.296296
击球,2.222222
计较,3.592593
季刊,2.0
寄居,2.518519
夹击,2.769231
奸细,2.148148
检查,2.692308
狡猾,3.518519
届时,3.296296
警醒,3.518519
久违,3.777778
口才,3.259259
苦楚,3.62963
垃圾,2.259259
来宾,2.111111
劳工,1.851852
离间,3.538462
立国,2.925926
良师,2.407407
两岸,2.407407
料理,2.653846
令尊,2.037037
旅行,2.037037
麦片,1.222222
麋鹿,1.333333
秘鲁,1.481481
魔王,3.111111
末日,3.555556
呢喃,3.375
农夫,1.555556
迁怒,3.481481
遣返,2.777778
倩影,3.62963
强制,3.0
翘首,3.423077
侵华,2.038462
青铜,2.076923
扔掉,2.259259
赛车,1.692308
散布,3.230769
煽动,3.307692
少爷,2.296296
舍下,3.12
生日,2.185185
史前,3.0
视频,2.37037
收缩,2.923077
他乡,2.851852
泰然,3.923077
毯子,1.259259
停车,1.925926
同居,2.0
外泄,3.083333
委任,2.555556
握拳,1.814815
无情,3.555556
吸吮,2.259259
嘻笑,2.444444
细节,3.222222
响亮,2.925926
销魂,3.962963
须知,3.08
咬噬,3.125
夜晚,1.703704
医学,2.259259
盈利,2.592593
优势,2.740741
鱼缸,1.222222
咋舌,3.2
灾难,3.111111
暂停,2.666667
张望,2.777778
长大,3.148148
值得,3.653846
指尖,1.592593
中队,2.730769
中原,2.653846
钟爱,3.37037
滋生,3.423077
凹陷,2.230769
白酒,1.307692
鸨母,2.708333
北方,2.44
本部,3.12
绷带,1.346154
别人,2.96
采光,2.538462
参观,2.692308
侧面,2.96
拆毁,2.269231
炒饭,1.269231
出众,3.44
初中,1.576923
除草,1.538462
处事,3.769231
唇膏,1.153846
词语,2.423077
辞世,2.192308
从容,3.615385
大战,3.36
代用,3.68
淡化,3.8
灯光,1.769231
敌人,2.461538
点将,2.956522
鼎盛,3.692308
订价,2.6
发育,3.192308
方案,2.576923
方针,3.153846
放学,1.846154
非礼,2.923077
粪便,1.307692
奉承,3.576923
付款,1.730769
改写,3.192308
告急,3.6
归去,3.12
豪放,3.461538
合适,3.64
哄骗,2.923077
户口,1.461538
划分,3.041667
灰烬,2.230769
祭祖,1.884615
家人,1.653846
阶梯,2.28
金属,1.807692
举重,1.8
巨匠,3.769231
君主,2.076923
可以,3.782609
苦战,3.461538
窥探,3.192308
擂台,2.269231
炼狱,4.269231
亮相,2.72
凌晨,1.653846
柳树,1.076923
露宿,2.115385
马路,1.346154
矛盾,3.961538
媒体,2.346154
蒙福,4.117647
妙法,4.15
年幼,2.230769
牛犊,1.692308
排列,3.0
聘礼,2.038462
其中,3.818182
前行,2.615385
前脚,2.173913
枪决,1.961538
屈服,3.384615
雀跃,3.346154
舢板,1.73913
上级,2.153846
施主,2.423077
时代,3.44
实验,2.346154
事变,3.36
是否,3.5
树立,3.615385
天使,3.52
挑剔,3.461538
调剂,3.72
投缘,3.730769
脱险,3.307692
妄想,4.08
物质,2.92
洗劫,2.692308
戏曲,1.615385
限定,3.44
歇息,2.461538
压榨,3.230769
夜市,1.538462
仪容,2.461538
倚赖,3.6
意义,4.08
隐蔽,3.038462
隐瞒,3.307692
影印,2.291667
邮件,1.5
预约,2.384615
缘分,3.961538
越野,2.461538
赞同,2.884615
早期,3.192308
造谣,3.269231
战略,3.538462
招兵,2.6
照料,2.807692
正面,3.0
纸质,1.44
致电,2.269231
珠宝,1.346154
竹竿,1.153846
主见,3.615385
转化,3.916667
转换,3.458333
滋味,3.384615
走动,2.230769
醉汉,1.615385
把手,2.115385
半天,2.769231
报名,2.115385
必要,3.25
兵器,1.807692
采矿,1.730769
超越,3.846154
丑话,3.52
出勤,2.346154
淳朴,3.5
慈悲,3.76
刺探,3.52
促销,2.461538
搭讪,2.653846
达成,3.24
大概,3.92
胆小,3.192308
雕像,1.884615
冻结,3.208333
蹲伏,2.631579
发髻,1.769231
伐木,1.730769
肥壮,2.192308
废气,2.4
蜂拥,3.16
逢迎,3.72
腐烂,2.576923
妇孺,1.884615
改良,3.384615
高楼,1.846154
各式,3.608696
苟活,4.192308
乖巧,3.307692
关闭,2.12
瑰丽,3.6
贵人,2.923077
耗尽,3.307692
话剧,1.961538
坏死,2.92
荒凉,2.884615
回合,3.041667
继续,3.44
加速,2.769231
奸商,2.5
经营,3.230769
净水,2.153846
聚焦,3.384615
均匀,3.076923
开导,3.807692
靠近,2.72
扣杀,2.521739
辣椒,1.153846
浪花,1.5
怜悯,3.538462
联手,2.961538
灵魂,4.230769
漏水,1.923077
绿化,2.2
漫长,3.72
忙乱,3.36
磨坊,2.08
农场,1.423077
喷漆,1.692308
烹饪,1.692308
皮具,1.56
脾胃,1.692308
平稳,3.269231
铺路,1.923077
其间,4.1
丘陵,1.769231
权利,3.384615
绕道,2.576923
日裔,2.217391
溶化,2.576923
伞兵,1.56
上诉,2.384615
史料,2.6
始祖,3.038462
顺眼,3.576923
说明,2.923077
死结,3.173913
算命,2.884615
调节,3.269231
突袭,3.16
徒劳,3.8
臀部,1.384615
唾弃,3.12
往日,3.307692
往事,3.269231
违反,2.846154
味精,1.307692
温柔,3.576923
文书,2.307692
下身,1.913043
夏日,1.884615
相处,3.307692
邪教,2.72
腥红,3.038462
修女,1.769231
眼泪,1.423077
隐晦,4.115385
印象,3.846154
用品,2.666667
幼童,1.692308
余生,3.576923
玉露,3.727273
育婴,2.12
园丁,1.846154
原本,3.666667
岳父,1.4
增值,3.04
站稳,2.52
长征,2.833333
蛰伏,3.652174
诊所,1.5
只有,3.772727
周边,2.826087
注射,1.961538
注视,2.461538
子民,2.44
宗族,2.615385
阻力,3.347826
坐垫,1.44
安全,3.04
暗算,3.0
遨游,4.24
懊恼,3.16
把脉,2.16
保镖,1.48
堡垒,2.24
被褥,1.84
辈分,3.0
本能,3.72
逼真,3.68
便壶,1.56
补助,2.84
不凡,3.88
不祥,3.875
残余,3.08
策动,3.375
朝拜,2.8
痴呆,2.48
船坞,1.8
催眠,2.88
打探,2.72
电费,1.32
跌倒,1.64
动乱,3.08
乏味,3.5
翻录,3.043478
反光,2.2
反思,3.4
分散,3.28
疯癫,2.96
各地,3.0
宫殿,1.32
固体,1.68
关门,1.52
海藻,1.44
河道,1.84
宏大,4.04
喉咙,1.36
呼唤,3.2
画质,3.12
夹缝,2.76
甲虫,1.28
驾驶,2.2
间谍,2.36
建交,3.041667
金色,1.92
金牙,1.6
尽力,3.68
精细,3.625
镜子,1.4
开设,3.52
考试,1.88
客机,1.84
劳驾,3.4
棱镜,2.08
理科,2.32
疗效,3.291667
路轨,1.76
蚂蚁,1.08
名单,2.12
明显,3.64
木偶,1.88
木纹,2.48
目标,3.304348
鸟类,2.28
怒吼,3.0
派兵,3.04
疲劳,3.32
寝室,1.4
球迷,2.166667
区别,3.52
渠道,3.16
权威,3.8
人民,2.72
善良,3.6
尚且,3.904762
舍命,3.52
审慎,3.56
盛装,3.08
刷牙,1.28
私欲,3.64
夙怨,4.083333
素养,3.92
讨债,2.2
调控,3.32
挺直,2.8
铜钱,1.44
危急,3.4
未知,4.0
文具,1.76
纹理,2.88
紊乱,4.12
稳妥,3.8
熙攘,3.4
下凡,3.681818
相貌,2.4
销量,2.6
写照,3.16
性情,3.72
虚空,4.28
绚烂,3.68
寻觅,3.2
岩壁,2.0
盐分,2.44
衍生,3.84
眼睛,1.12
邀请,3.0
摇篮,2.2
也许,4.090909
移植,2.958333
疫苗,1.68
硬朗,3.24
幽灵,3.88
熨斗,1.16
着急,3.36
着迷,3.56
着想,3.541667
直通,3.16
忠义,3.44
专辑,1.92
装甲,1.92
字典,1.2
罪犯,2.08
按揭,3.12
败类,3.28
包场,2.6
必需,3.75
毕业,1.92
剥削,3.6
车祸,1.76
承继,3.24
迟早,3.521739
传奇,3.88
次数,2.375
摧毁,3.0
呆板,3.4
倒塌,2.48
道教,2.458333
底牌,3.16
点滴,3.695652
电讯,2.76
吊桥,1.76
俄语,1.8
分行,3.173913
坟墓,1.52
粉末,1.96
风湿,2.56
风味,3.625
浮冰,2.521739
符咒,3.16
干净,2.72
干预,3.44
格斗,2.4
过奖,3.4
湖水,1.8
环岛,2.2
缓刑,2.72
毁坏,3.0
火警,1.92
极地,2.416667
监犯,2.08
介意,3.72
芥蒂,3.8
巨星,3.208333
军队,1.68
口径,3.28
葵花,1.56
昆布,2.9375
喇叭,1.36
愣住,3.24
轮流,3.2
盲人,1.36
磨损,3.16
谋生,3.36
奶油,1.72
难度,3.88
内心,3.92
娘胎,2.68
排骨,1.36
彷徨,3.96
批评,3.16
片段,3.04
剽窃,3.16
拼盘,2.541667
匍匐,2.52
齐心,3.76
乞丐,1.52
迁徙,3.12
轻生,3.28
热血,3.32
蠕动,2.8
少妇,1.92
神韵,4.16
审讯,2.72
升天,3.76
圣母,3.208333
圣书,3.28
失策,3.64
湿度,2.84
实行,3.48
市价,3.12
手腕,2.125
首饰,1.92
树干,1.68
数据,2.6
苔藓,1.52
太医,1.76
陶艺,2.32
提神,3.6
提问,2.8
天井,2.2
天气,2.76
田地,1.56
田鸡,1.625
眺望,3.32
通讯,2.84
头筹,3.625
头领,2.583333
完成,3.12
亡命,3.64
位置,2.84
涡轮,2.16
无故,3.96
舞步,2.36
消息,2.84
小产,2.6
亵渎,3.48
辛苦,3.48
信鸽,1.64
炫耀,3.6
勋章,2.0
颜面,3.4
疑犯,2.44
印痕,2.8
有时,3.73913
孕吐,2.208333
针孔,1.72
真挚,3.84
政党,2.64
钟意,3.52
重犯,2.28
主动,3.16
驻留,3.16
专题,2.84
追兵,2.64
准备,3.4
白天,2.064516
背囊,2.096774
捕猎,2.193548
不孕,2.16129
参与,3.0
插班,2.483871
茶花,1.483871
车站,1.645161
臣民,2.709677
崇敬,3.533333
宠物,1.967742
出殡,2.0
搓洗,2.0
搭配,3.258065
打坐,2.387097
大胆,3.666667
单向,3.107143
当初,3.733333
到底,4.076923
嘟囔,3.0
放大,2.645161
氛围,3.580645
风月,4.0
父爱,2.870968
干货,2.857143
工作,2.366667
恭贺,3.032258
瓜葛,3.516129
行业,3.096774
环境,3.419355
会场,2.16129
会长,2.032258
即将,3.806452
嘉宾,2.16129
间歇,3.7
健谈,2.9
教室,1.387097
接吻,1.709677
解渴,2.645161
戒备,3.032258
界定,3.548387
矜持,3.266667
开花,1.741935
看病,1.935484
口岸,2.269231
困乏,3.033333
来去,3.466667
老幼,2.258065
冷酷,3.16129
离心,3.724138
理睬,3.0
帘子,1.451613
劣质,3.032258
领教,3.7
伦理,3.580645
码头,1.580645
谋略,3.7
纳闷,3.774194
内幕,3.433333
宁静,3.322581
扭曲,3.709677
弄堂,2.064516
扑空,3.366667
气枪,1.483871
前途,3.666667
桥梁,1.5
切开,2.258065
荣光,3.870968
色盲,1.8
麝香,1.633333
伸展,2.806452
疏忽,3.451613
曙光,3.387097
树叶,1.290323
数量,2.548387
肆虐,3.866667
送礼,2.633333
孙女,1.3
琐碎,3.806452
檀香,1.903226
套装,2.096774
天台,1.4
土葬,1.870968
妥协,3.580645
外力,3.655172
王妃,1.677419
往来,3.354839
问鼎,3.448276
无关,3.677419
武将,1.83871
洗澡,1.451613
心术,3.83871
信号,3.066667
信心,3.580645
凶猛,2.870968
絮叨,3.1
宣布,2.733333
湮没,3.566667
扬名,3.548387
羊肉,1.16129
依从,3.516129
易燃,2.1
迎娶,2.064516
拥有,3.064516
有喜,3.0
语文,2.16129
原谅,3.225806
栽赃,2.83871
宰相,1.419355
斋戒,2.580645
招呼,2.8
真假,3.5
振奋,3.580645
争斗,2.967742
整齐,2.419355
正统,3.322581
证明,3.066667
证物,2.0
致力,3.741935
中止,2.966667
州长,1.677419
姿色,3.133333
纵横,3.25
坐下,1.709677
败坏,3.533333
拜访,2.266667
半夜,2.225806
伴唱,2.193548
贝壳,1.387097
本金,2.0
比如,3.935484
必定,3.366667
边境,1.870968
沉睡,2.516129
乘坐,2.266667
吃力,3.733333
抽屉,1.387097
绸缎,1.354839
出访,2.677419
措辞,3.322581
导电,2.566667
杜撰,3.333333
躲藏,2.870968
范围,3.580645
贩毒,1.83871
非洲,1.451613
浮游,3.068966
雇主,1.709677
关心,3.387097
观察,2.806452
官僚,2.566667
滚动,2.451613
海豚,1.290323
憨笑,2.709677
韩国,1.451613
汗腺,1.935484
号哭,2.931034
河边,1.903226
核心,3.193548
寂寞,3.806452
甲壳,1.866667
假设,4.166667
剪影,2.482759
将军,1.548387
焦耳,2.888889
结怨,3.741935
疥癣,2.37931
就此,3.962963
开船,1.870968
苦瓜,1.290323
垮台,3.0
乐曲,1.677419
连体,2.677419
潦倒,3.6
临别,2.935484
领袖,2.258065
炉火,1.967742
炉灶,1.354839
陆续,3.806452
落败,3.225806
蛮横,3.193548
慢慢,3.689655
米饭,1.290323
密切,3.645161
腼腆,3.451613
明朗,3.129032
耐热,2.666667
内情,3.8
钮扣,1.290323
女色,3.0
派遣,2.903226
跑步,1.548387
赔偿,2.516129
僻静,3.16129
栖身,3.133333
奇妙,4.064516
乾坤,4.310345
强奸,1.774194
琴弦,1.451613
确诊,2.516129
熔岩,1.741935
儒教,3.064516
省力,3.233333
石阶,1.516129
始末,3.580645
世人,3.193548
树敌,3.290323
衰微,3.758621
税收,2.032258
饲养,2.225806
碎片,2.366667
螳螂,1.225806
特价,2.774194
体态,2.645161
投机,3.709677
透过,3.466667
拓展,3.566667
亡国,2.258065
污点,2.966667
西方,2.645161
吸引,3.83871
席位,2.366667
喜好,3.4
鲜奶,1.548387
想到,3.6
选择,3.322581
压力,3.709677
押韵,3.034483
牙刷,1.16129
摇摆,3.032258
议定,3.233333
意思,4.033333
迎头,3.5
营地,1.870968
庸才,2.903226
优雅,3.548387
雨天,1.516129
原罪,3.774194
跃升,3.428571
云雾,2.032258
造就,3.548387
哲理,3.8
忠孝,3.066667
重返,3.137931
注定,3.733333
装束,2.333333
宗旨,3.258065
白发,1.52
白蚁,1.44
本来,3.833333
宾客,2.0
殡仪,2.68
拨款,2.52
伯乐,2.96
布鞋,1.36
步履,2.92
残存,3.96
成效,3.6
城镇,1.88
出使,3.5
出世,2.625
辞令,3.608696
歹徒,1.92
道路,1.88
淀粉,1.28
顶撞,3.08
冬眠,2.6
耳膜,1.36
发妻,1.84
法则,3.52
反省,3.96
分析,4.0
风云,3.041667
根据,4.043478
梗塞,3.48
更加,4.125
工匠,1.916667
孤独,3.8
光棍,2.208333
广阔,3.541667
捍卫,3.8
黑道,3.166667
喉舌,2.04
弧形,2.36
活跃,3.75
货舱,1.4
加价,3.041667
加剧,4.125
嫁妆,2.08
芥末,1.4
进军,3.590909
居民,2.2
菊花,1.2
决心,3.68
乐观,3.76
零乱,3.208333
令堂,1.96
流水,2.24
鲁莽,3.92
旅途,3.28
忙碌,3.48
梅毒,2.2
媒人,1.72
名士,2.875
模糊,3.88
嫩芽,2.0
年迈,2.76
佩服,3.72
霹雳,3.25
漂亮,2.88
侨民,2.28
巧手,3.36
亲密,3.208333
情歌,2.2
让步,3.916667
任用,3.304348
伤感,3.64
赏脸,3.92
稍后,4.086957
石化,3.136364
使唤,3.347826
式样,3.409091
室友,1.84
书写,2.291667
赎金,2.04
熟睡,2.416667
提灯,2.25
田径,2.28
跳舞,1.84
通话,2.32
头昏,2.416667
投手,2.8
碗筷,1.24
威信,3.64
无缝,3.318182
无礼,3.36
无恙,3.52
无知,3.583333
喜欢,3.32
系数,3.208333
纤弱,3.4
闲聊,2.791667
萧瑟,3.84
谢意,3.347826
修改,3.125
血液,1.44
氧化,3.25
遗迹,2.4
阴天,1.8
应验,4.125
优先,3.208333
游离,4.181818
有意,3.76
与会,3.65
玉石,1.84
约会,2.88
越南,1.32
造型,2.8
账户,2.12
拯救,3.52
职业,2.32
重伤,2.416667
周薪,2.25
蛛网,1.68
主将,2.16
转车,3.04
资讯,2.68
滋养,3.52
自豪,3.75
总部,2.12
钻戒,1.2
白吃,3.375
帮凶,2.48
保留,3.44
闭塞,3.625
冰箱,1.24
布告,2.541667
参战,2.88
苍穹,3.32
场地,2.2
畜生,3.0
打开,2.681818
大同,3.391304
待续,3.75
电影,1.64
定居,2.72
发球,2.454545
帆船,1.36
肥皂,1.24
复印,2.083333
甘泉,2.166667
割裂,3.333333
革新,3.958333
格局,3.92
格调,4.16
更新,3.52
工场,2.083333
公堂,2.36
公主,1.64
古诗,1.84
国王,1.56
和局,3.956522
后事,3.64
滑梯,1.64
欢笑,3.16
货车,1.24
激励,3.96
急切,4.0
疾走,2.72
家电,1.96
家业,3.25
简介,2.84
建材,2.0
焦距,3.130435
街道,1.68
截断,3.041667
旧时,4.086957
沮丧,3.72
举报,3.04
据点,2.68
捐赠,2.72
刻薄,3.76
枯萎,3.0
喇嘛,1.75
蜡像,1.6
拦截,3.304348
篱笆,1.458333
利己,4.125
涟漪,3.666667
量化,3.8
磷光,2.904762
六月,1.8
轮船,1.36
盲目,3.958333
美德,3.8
敏捷,3.52
名誉,3.583333
抹黑,4.041667
默契,4.125
母乳,1.68
难关,3.48
难民,2.0
牌坊,1.92
屁股,1.24
其次,4.0
钱包,1.24
欠缺,4.16
巧妇,2.88
巧妙,3.833333
怯懦,3.92
钦差,2.28
清凉,3.24
秋波,4.0
深闺,3.48
石头,1.24
实践,3.583333
水壶,1.28
死心,3.956522
摊贩,2.24
谈判,3.333333
探访,3.333333
糖果,1.44
特工,1.96
提名,3.16
提醒,3.458333
通告,2.56
推敲,4.04
袜子,1.2
蚊帐,1.24
问世,3.916667
息怒,4.0
稀少,3.6
显眼,3.666667
陷阱,2.64
向前,2.84
校订,3.25
协定,3.08
星空,1.92
嘘声,2.791667
熏鱼,1.72
训练,2.88
已往,4.142857
隐形,3.318182
语法,3.25
炸伤,2.48
整天,2.956522
之前,3.5
肢解,2.8
纸币,1.28
重地,2.96
重温,3.75
咒骂,3.28
主修,3.44
子弹,1.2
岸边,1.826087
摆脱,3.173913
半生,3.7
本年,2.095238
变异,3.434783
波长,2.913043
补救,3.0
禅师,2.173913
缠绵,3.347826
蝉联,2.652174
潮流,3.521739
翅膀,1.5
仇视,3.304348
出力,2.913043
纯洁,3.608696
戳穿,2.869565
赐福,3.318182
促进,3.304348
达到,3.391304
打包,2.0
打消,3.130435
打造,2.73913
当权,2.956522
导读,2.590909
得知,2.73913
底线,3.478261
地带,2.73913
电光,2.681818
电毯,1.695652
定罪,3.043478
冬泳,1.391304
斗争,3.391304
豆芽,1.391304
鳄鱼,1.086957
发报,2.761905
方舟,2.952381
放任,3.565217
分红,2.347826
服务,3.565217
腐朽,3.565217
副业,2.652174
橄榄,1.565217
高手,3.045455
羔羊,1.681818
工价,2.913043
行李,1.636364
黑云,2.714286
红茶,1.434783
洪流,2.782609
后悔,3.521739
灰尘,1.913043
火坑,2.863636
祭坛,2.227273
坚持,3.869565
见闻,3.304348
结交,2.913043
结识,3.0
结扎,1.956522
进行,3.565217
近来,3.363636
竞选,2.565217
拒绝,2.173913
剧变,3.695652
绝技,3.0
快感,3.590909
快攻,3.368421
累赘,3.391304
棱角,2.608696
礼仪,2.913043
路人,2.26087
貌似,3.826087
萌芽,3.217391
谜语,2.347826
民房,1.695652
民女,2.347826
鸟笼,1.727273
排挤,3.608696
派系,3.521739
频道,2.818182
屏幕,1.913043
扑面,3.409091
期待,3.695652
侵犯,3.217391
顷刻,3.434783
屈膝,2.5
认命,3.652174
容许,3.391304
弱点,2.869565
善忘,3.304348
涉嫌,3.565217
生动,3.826087
使女,2.736842
首次,2.136364
搜查,2.782609
随时,3.434783
吞咽,1.909091
外伤,2.043478
万恶,3.909091
侮辱,3.434783
虾酱,1.608696
现在,2.347826
消防,2.0
心寒,4.0
削弱,3.304348
咽喉,1.521739
眼球,1.347826
养子,1.727273
义肢,1.863636
忆起,3.772727
抑止,3.727273
粘液,2.136364
张力,3.695652
昭雪,3.227273
哲学,3.869565
真理,3.869565
旨意,3.565217
质感,3.521739
中肯,3.434783
重新,3.181818
重要,3.26087
主力,3.0
砖墙,1.73913
壮大,3.217391
嘴唇,1.304348
安分,3.26087
暗淡,3.363636
疤痕,1.913043
班机,1.727273
半路,3.363636
暴躁,3.454545
标准,3.318182
表示,3.434783
别针,1.454545
捕食,2.304348
残疾,2.086957
超级,3.956522
撤兵,2.521739
创口,2.045455
创世,4.157895
锤子,1.347826
粗鄙,3.636364
粗略,3.521739
翠绿,2.217391
担心,3.521739
蛋卷,1.434783
当时,3.26087
德行,3.695652
登记,2.181818
电视,1.217391
短期,3.304348
峨眉,2.3
乏力,3.391304
阀门,1.608696
反常,3.565217
肺腑,3.090909
费心,3.608696
丰盈,3.428571
俯卧,2.521739
复诊,1.956522
割舍,3.333333
工蜂,1.619048
顾客,1.608696
瓜分,3.086957
光洁,3.409091
国债,1.695652
寒风,2.478261
行劫,3.5
合约,2.130435
猴子,1.173913
胡同,1.565217
护送,2.73913
化解,3.478261
化妆,2.043478
霍乱,2.590909
鸡汤,2.047619
基石,2.909091
监视,2.652174
建树,3.55
界限,3.363636
酒壶,1.434783
开办,3.086957
课程,2.0
枯干,2.772727
哭闹,2.173913
亏欠,3.347826
例会,1.956522
亮点,3.26087
轮胎,1.304348
卖国,3.0
密谋,3.26087
名将,2.272727
懦夫,2.863636
排除,3.434783
披肩,1.909091
疲乏,3.391304
偏食,2.904762
漂白,2.913043
拼命,3.380952
朴实,3.347826
曝光,3.173913
奇特,3.913043
气味,2.869565
牵扯,3.478261
去世,1.913043
全员,2.043478
忍心,3.652174
任职,2.571429
荣誉,3.272727
锐意,3.952381
散文,2.565217
扫黄,2.304348
擅长,3.478261
射箭,1.521739
身份,2.695652
盛大,3.695652
仕女,1.952381
手术,1.782609
硕果,3.043478
素色,3.0
胎记,1.565217
套餐,2.619048
团队,2.043478
脱身,3.26087
陀螺,1.727273
危难,3.478261
畏惧,3.652174
温室,2.478261
卧病,2.304348
小巷,1.695652
小学,1.478261
幸免,3.521739
性能,3.545455
淫荡,3.652174
影评,2.652174
油漆,1.434783
鱿鱼,1.521739
愚昧,3.652174
育儿,2.869565
月初,2.478261
赞美,3.521739
账单,1.782609
争吵,2.826087
支行,2.2
致谢,2.869565
竹林,1.478261
主使,3.272727
作乱,3.347826
盎司,2.62963
白干,3.346154
白兔,1.407407
白云,1.384615
柏油,2.037037
班长,2.0
本乡,2.925926
蓖麻,1.888889
便宜,3.296296
标点,2.37037
别扭,3.518519
裁员,2.592593
曾经,3.0
查访,2.888889
朝圣,3.148148
车程,2.666667
陈皮,1.703704
成立,3.185185
承诺,3.481481
处境,3.666667
粗野,3.153846
大夫,2.307692
大脑,1.592593
耽误,3.296296
当兵,2.222222
党派,2.62963
等待,3.296296
蝶泳,2.074074
跺脚,1.962963
法力,4.2
烦忧,3.592593
肤浅,3.68
伏击,2.962963
幅度,3.407407
鸽子,1.37037
公告,2.259259
攻击,3.185185
观战,3.0
罐头,1.666667
果园,1.555556
蛤蟆,1.333333
汉堡,1.481481
黑钱,3.4
厚礼,3.230769
花盆,1.481481
会聚,3.48
混账,3.518519
计时,2.814815
架空,3.692308
饯别,3.038462
结巴,2.111111
浸染,3.259259
橘子,1.444444
开张,3.111111
可怕,3.692308
口臭,2.0
口吻,3.423077
拉扯,2.740741
勒索,2.884615
冷箭,3.407407
凌乱,3.592593
陵墓,1.740741
领养,2.592593
龙虾,1.222222
脉象,3.615385
木鱼,1.925926
那些,4.304348
爬虫,2.296296
盘旋,3.037037
配方,3.0
皮肤,1.461538
飘渺,4.230769
骑兵,1.888889
虔诚,4.074074
请求,3.259259
去除,2.88
全力,3.37037
缺点,3.259259
上班,2.423077
圣像,2.814815
圣旨,2.307692
湿疹,1.962963
使馆,2.0
市长,1.518519
适当,3.807692
死守,3.407407
苏醒,2.925926
素颜,2.346154
随军,2.92
统率,3.6
偷生,3.875
头饰,2.185185
完美,3.6
晚上,1.962963
无理,3.481481
妩媚,3.555556
武术,2.111111
吸力,3.32
习作,3.130435
遐想,4.307692
弦乐,2.769231
萧条,3.962963
小声,2.923077
协会,2.407407
辛劳,3.24
形势,3.740741
序言,2.148148
学界,3.222222
压缩,2.961538
掩护,3.185185
央求,3.076923
扬言,3.185185
洋酒,1.851852
药房,1.666667
迎接,2.769231
友人,2.037037
愚弄,3.703704
运营,3.44
赞叹,2.807692
长假,2.481481
中风,2.407407
重赏,3.037037
猪肉,1.222222
准时,2.814815
拜托,3.444444
包车,2.185185
孢子,2.222222
备战,3.185185
财产,2.615385
测量,2.961538
仇人,2.740741
传染,3.074074
丛书,2.538462
弹弓,1.481481
当地,2.592593
等价,3.32
电台,1.777778
店铺,1.851852
貂皮,1.407407
碉堡,1.740741
动工,3.2
发生,3.961538
发声,2.925926
仿佛,4.56
费神,4.037037
府上,2.333333
负责,3.851852
复苏,3.259259
肝火,3.666667
高傲,3.925926
高考,1.846154
根源,3.72
官方,2.62963
轨迹,2.962963
韩文,1.703704
和平,3.333333
欢呼,2.888889
寰宇,3.217391
换取,3.24
积极,3.846154
技艺,3.111111
坚硬,3.076923
俭朴,3.518519
将士,2.222222
讲座,2.222222
降落,2.615385
借助,3.615385
金发,2.037037
进士,2.0
科幻,4.0
裤子,1.37037
拉锯,2.96
拦阻,3.481481
良心,4.111111
鳞片,2.074074
乱动,3.083333
美食,2.518519
模范,3.038462
能够,3.68
怕事,3.740741
培养,3.6
贫血,2.444444
泼妇,2.62963
普遍,3.56
起锚,2.576923
签收,2.074074
浅显,4.0
倾诉,3.111111
清洁,2.666667
秋收,2.296296
求婚,2.0
饶恕,3.740741
杀害,2.5
沙哑,2.555556
上报,2.703704
涉案,2.851852
升学,2.333333
圣餐,3.363636
胜券,3.5
失败,3.444444
师徒,2.0
石碑,1.407407
示威,3.259259
售卖,2.740741
水泵,1.407407
塑造,4.037037
随意,4.076923
瘫痪,2.615385
炭笔,1.925926
探病,2.703704
桃树,1.333333
题目,2.346154
体统,4.0
天明,2.846154
跳远,1.703704
退学,2.074074
褪色,2.740741
歪曲,3.653846
外币,2.111111
网友,2.423077
武断,3.777778
武林,3.407407
物业,2.259259
小城,2.703704
校服,1.538462
姓名,1.730769
胸怀,4.0
血管,1.851852
讯息,3.037037
验血,2.153846
英文,1.592593
幼苗,2.074074
余地,3.769231
援助,3.185185
札记,2.6
正确,3.44
重建,3.0
轴心,2.6
昼间,2.56
主菜,2.416667
专线,2.925926
壮丁,2.222222
拙劣,3.961538
桌子,1.296296
资料,2.518519
自嘲,3.62963
尊敬,3.666667
爱心,2.913043
安睡,2.826087
报道,2.217391
鄙视,3.173913
币值,2.565217
才干,3.347826
仓库,1.434783
草案,2.5
查核,3.043478
刹那,3.318182
搀杂,3.454545
成熟,2.956522
程式,3.15
出兵,2.173913
出处,2.73913
处分,2.086957
春天,1.782609
打劫,2.045455
带兵,2.434783
丹田,3.434783
倒戈,3.173913
道德,3.565217
独有,2.782609
对比,2.954545
赋税,2.695652
赋予,3.454545
甘草,1.818182
肛门,1.434783
高度,2.217391
公愤,3.478261
共同,2.681818
姑爷,1.434783
海绵,1.695652
行家,3.043478
花钱,2.090909
环节,2.956522
集结,2.826087
家属,1.73913
简陋,2.869565
交叉,3.304348
杰出,3.086957
结论,2.608696
解雇,2.086957
近况,2.913043
景仰,3.727273
竞逐,3.608696
聚变,3.75
苦恼,3.0
苦役,2.818182
磊落,3.454545
里面,2.826087
连环,3.173913
怜恤,3.454545
联系,2.869565
两旁,2.681818
裂痕,2.521739
留神,3.318182
轮班,2.409091
民兵,1.73913
摸索,3.304348
抹杀,3.434783
牧师,1.909091
耐力,3.217391
泥沙,2.043478
怒骂,2.521739
疟疾,2.347826
葡萄,1.565217
凄美,4.047619
奇异,3.571429
枪战,1.772727
蔷薇,2.0
情形,3.782609
裙子,1.681818
肉身,2.045455
善于,3.565217
伸长,2.818182
升空,2.5
胜任,3.0
时间,3.181818
双方,1.954545
死人,1.434783
死亡,2.227273
太子,1.73913
堂兄,1.782609
藤蔓,1.954545
天梯,2.956522
跳伞,1.521739
退避,2.826087
文学,3.095238
稳固,2.826087
巫术,3.428571
诬告,2.956522
午后,1.956522
物流,2.130435
西药,2.304348
洗衣,1.826087
下颚,1.391304
箱子,1.608696
校园,1.826087
形成,3.909091
宿主,3.363636
喧哗,2.782609
旋风,2.727273
选拔,2.652174
烟花,2.0
言谈,2.772727
吆喝,2.956522
业绩,2.565217
蚁穴,2.043478
殷勤,3.608696
英雄,2.304348
羽绒,1.818182
狱卒,2.142857
原价,2.478261
窄小,2.608696
沼气,2.347826
阵痛,3.086957
直线,1.913043
止痛,2.304348
治疗,2.521739
周末,1.772727
自传,2.0
恣意,3.818182
宗教,2.8
按钮,1.608696
芭蕾,2.043478
白费,3.304348
傍晚,2.521739
笔直,2.173913
必须,3.043478
闭幕,2.26087
标语,2.043478
别名,2.478261
敞开,3.130435
超模,2.363636
持有,2.913043
赤裸,2.695652
宠儿,3.043478
出让,3.047619
穿过,3.043478
春节,1.73913
蛋黄,1.652174
癫狂,3.772727
点心,2.173913
赌场,2.0
缎带,2.521739
丰满,3.409091
风暴,2.909091
该死,3.45
钙化,2.869565
歌声,2.217391
灌木,1.782609
寒微,4.136364
豪爽,3.521739
号码,1.913043
合照,2.086957
火海,3.26087
季度,2.434783
家族,2.086957
坚定,3.347826
鉴赏,3.26087
角度,3.521739
介怀,3.75
进口,2.782609
经书,2.333333
鲸鱼,1.545455
静候,3.130435
救命,2.565217
凯旋,2.826087
可耻,3.454545
狂欢,3.130435
离题,3.52381
理想,4.434783
连队,2.478261
淋巴,2.142857
零度,2.272727
落难,3.318182
买入,2.304348
慢性,3.608696
毛虫,1.956522
煤矿,1.304348
美丽,3.608696
末梢,3.304348
年薪,1.909091
酿制,2.652174
暖炉,1.956522
欧盟,1.826087
欧洲,1.73913
磐石,2.818182
盼望,3.782609
批判,3.434783
偏僻,2.818182
拼音,2.130435
千禧,3.136364
铅笔,1.608696
强迫,3.478261
倾吐,3.5
球员,1.73913
取缔,3.086957
肉丸,2.045455
桑树,1.782609
骚动,3.565217
深夜,2.521739
审判,2.695652
生锈,2.217391
盛况,3.130435
世仇,3.272727
视窗,2.956522
数字,1.695652
双数,2.227273
素质,3.826087
虽然,4.142857
同化,3.782609
头发,1.608696
投奔,3.478261
透支,3.136364
秃鹰,1.73913
图谋,3.608696
晚饭,1.826087
惟独,3.363636
维持,3.304348
我军,2.130435
乌龟,1.521739
无罪,2.909091
消毒,2.521739
小巧,3.347826
校规,2.173913
心思,4.043478
心态,3.695652
宣称,2.954545
摇晃,3.045455
疑心,3.652174
淫威,3.73913
拥挤,2.695652
油灯,1.652174
有劳,3.695652
韵母,2.521739
造福,3.478261
造价,2.695652
长辈,1.869565
中毒,2.086957
中断,2.913043
中暑,2.086957
肘弯,2.478261
注重,3.391304
祖宗,1.956522
嘴巴,1.434783
挨着,2.384615
庇佑,3.615385
陛下,2.076923
冰镇,2.0
博弈,3.0
不朽,4.0
猜忌,3.16
彩绘,1.807692
残忍,3.0
仓鼠,1.346154
产品,2.72
抄写,2.192308
朝夕,2.96
车辆,1.269231
充气,2.36
储君,2.416667
次货,2.72
聪明,3.038462
地铁,1.076923
凋零,3.230769
夺目,3.461538
发烧,1.846154
繁衍,2.653846
犯罪,2.384615
方块,1.961538
方丈,2.0
飞碟,2.115385
分批,3.4
奉陪,3.576923
刚才,2.961538
功劳,2.52
功用,3.192308
孤寂,3.5
辜负,3.48
跪下,1.769231
海鲜,1.692308
涵盖,3.625
汉子,2.04
胡言,3.391304
户籍,1.692308
哗然,3.76
机师,2.269231
基本,3.48
记号,2.538462
兼具,3.24
剪接,3.076923
舰长,1.44
接力,2.96
剧团,1.923077
据说,4.0
可乐,1.346154
克制,3.192308
领土,1.807692
龙眼,1.608696
龙舟,1.384615
埋伏,3.269231
美术,2.6
糜烂,3.423077
魔鬼,3.423077
墨汁,1.461538
排斥,3.576923
盘点,2.826087
偏激,3.48
枪毙,1.653846
巧遇,2.846154
榕树,1.461538
孺子,3.041667
嗓子,1.961538
色狼,1.961538
涉及,3.6
深奥,4.038462
圣经,2.0
狮子,1.192308
实物,2.807692
手动,2.6
守门,2.076923
输血,1.846154
水晶,1.692308
松绑,2.5
损失,3.115385
特点,3.769231
挑战,3.192308
跳级,2.92
挺胸,1.692308
通常,3.166667
头版,2.458333
头条,2.115385
危言,3.36
微小,3.269231
纬度,2.538462
舞蹈,1.923077
细菌,2.038462
匣子,1.6
下等,3.48
先生,1.923077
乡愁,3.961538
香味,2.692308
效劳,3.5
邪恶,3.653846
卸货,1.884615
蟹黄,1.461538
熊猫,1.115385
旋转,2.576923
牙科,1.653846
言论,3.269231
岩石,1.346154
要命,3.541667
吟诗,2.653846
黝黑,2.153846
予以,4.083333
玉女,3.038462
原则,3.384615
月刊,1.846154
越战,2.636364
争夺,3.076923
之后,3.730769
知会,3.458333
主犯,1.884615
助理,1.692308
著书,2.44
子嗣,2.0
纵向,3.038462
租户,1.692308
阻挠,3.192308
拜见,2.884615
避免,3.083333
变脸,2.72
财主,2.115385
草鞋,1.384615
查询,2.884615
唱歌,1.730769
打算,3.461538
大树,1.692308
担保,3.423077
刀伤,1.769231
底薪,2.230769
法律,3.192308
翻身,2.541667
奉命,3.4
告假,2.52
隔间,3.038462
隔音,2.846154
公义,3.541667
构图,3.04
孤立,3.192308
古寺,1.6
拐杖,1.4
广大,3.653846
含意,4.038462
毫无,3.478261
好人,2.76
烘托,3.615385
胡扯,3.4
虎口,2.521739
茴香,1.576923
极限,3.48
加码,3.28
架构,3.384615
建议,3.269231
僵持,3.615385
交织,3.68
觉悟,3.538462
结盟,3.230769
解毒,2.730769
借出,2.84
酒鬼,1.884615
就寝,2.269231
卷曲,2.923077
军火,1.846154
开动,2.961538
可惜,3.4
溃疡,2.48
蜡笔,1.269231
来客,2.307692
立志,3.653846
例如,3.56
莲藕,1.423077
凉快,2.692308
两极,3.2
列席,2.923077
领巾,1.769231
陆地,1.653846
录音,1.961538
矛头,3.076923
模仿,3.423077
木匠,1.576923
能干,3.461538
酿酒,2.269231
盘踞,3.346154
碰面,2.423077
譬如,3.72
签名,1.692308
切忌,3.384615
琴谱,1.807692
清早,1.923077
穷苦,2.807692
求情,3.12
驱使,3.615385
去路,3.346154
热狗,1.807692
人情,3.461538
身手,2.884615
升压,3.384615
尸体,1.576923
守护,3.5
首都,1.692308
四季,2.115385
汤碗,1.461538
体会,3.56
填补,3.2
停电,1.576923
透明,2.769231
屠杀,2.076923
歪理,3.423077
万岁,3.869565
网球,1.153846
违规,2.923077
窝心,3.88
稀释,2.884615
膝盖,1.384615
嬉笑,2.538462
席卷,3.76
心窝,3.153846
刑法,2.461538
幸亏,3.769231
牙痛,1.692308
炎热,2.269231
沿途,2.692308
依靠,3.653846
议席,2.961538
英镑,1.692308
营救,2.692308
有效,3.269231
预感,3.653846
月底,2.0
增强,2.88
占星,3.791667
长久,3.16
致歉,2.5
重罚,2.692308
住户,1.769231
专横,3.423077
庄稼,1.576923
资格,3.192308
自从,3.791667
总管,2.307692
最后,2.961538
靶场,1.73913
褒奖,2.863636
保密,2.652174
被捕,1.956522
逼供,2.333333
逼迫,3.347826
比试,2.652174
镖客,2.086957
财经,3.304348
尝试,3.217391
出产,3.130435
出轨,2.619048
出家,2.304348
处世,4.086957
脆弱,3.0
搭建,2.521739
大麻,1.590909
代表,3.086957
殆尽,3.818182
但愿,4.0
弹匣,1.478261
底价,2.565217
地步,3.9
电压,2.304348
殿宇,2.217391
顶尖,2.73913
冬至,1.73913
斗气,3.142857
短促,3.652174
短见,3.434783
堕落,3.695652
番茄,1.086957
范例,2.65
风骚,3.772727
风水,3.608696
讽刺,3.409091
服药,1.695652
各方,3.2
工会,1.863636
公德,3.272727
公开,2.409091
古董,1.73913
股东,2.045455
观光,2.565217
规章,2.173913
和善,2.913043
虎穴,2.761905
户主,1.565217
挥手,1.521739
回暖,3.0
击败,2.454545
脊椎,1.173913
记载,2.043478
监狱,1.347826
见谅,3.391304
剑道,2.73913
胶囊,1.5
觉醒,3.809524
竭力,3.545455
解散,2.304348
警觉,3.636364
就要,3.944444
捐躯,2.454545
倔强,3.173913
扩建,2.434783
牢记,3.181818
乐趣,3.652174
冷气,2.173913
理念,4.26087
吝啬,3.347826
迷你,3.47619
觅食,2.454545
蔑视,3.5
民怨,3.318182
明理,3.478261
墓碑,1.347826
柠檬,1.130435
配音,2.130435
盆地,2.181818
皮带,1.304348
皮鞋,1.130435
漂泊,3.272727
妻子,1.434783
气节,3.619048
趣事,3.173913
忍让,3.454545
容量,2.761905
赏月,2.086957
慎重,3.454545
世界,3.428571
事主,2.473684
水力,2.714286
司机,1.521739
素食,2.304348
缩小,2.913043
逃避,3.434783
透露,3.130435
托运,2.043478
违约,2.391304
武士,2.0
夏令,2.909091
先进,3.318182
消遣,3.391304
心志,3.954545
形容,4.043478
眩晕,2.695652
阳台,1.26087
依恋,3.695652
移居,2.652174
抑扬,3.772727
易地,3.0
音波,3.0
引发,3.782609
永恒,4.333333
怨恨,3.565217
杂志,1.434783
站岗,1.727273
鹧鸪,1.347826
知道,2.909091
致辞,2.391304
众人,2.608696
煮饭,1.782609
住持,2.272727
作用,3.636364
绊倒,2.043478
鼻孔,1.130435
编辑,2.956522
贬低,3.521739
冰凉,2.217391
捕捉,2.363636
惭愧,3.565217
潮水,1.565217
车速,1.869565
成员,2.652174
诚意,3.5
驰名,3.842105
丑陋,3.043478
储存,2.347826
猝死,2.086957
大计,3.578947
大戏,3.142857
带动,3.478261
档案,1.695652
殿下,2.454545
东部,2.454545
毒气,1.695652
夺取,2.913043
发根,2.105263
方寸,3.608696
放弃,3.086957
封印,3.318182
扶手,1.347826
讣闻,2.277778
覆盖,3.173913
改动,2.73913
赶到,2.772727
高调,3.727273
根基,3.26087
工商,2.695652
故人,2.434783
挂彩,2.913043
过去,3.521739
函数,2.904762
悍匪,2.173913
行踪,3.043478
好客,3.478261
浩瀚,4.0
滑稽,3.391304
环顾,3.047619
激情,3.434783
羁绊,3.954545
集资,2.608696
驾车,1.782609
讲话,1.826087
奖券,1.782609
降温,2.173913
轿车,1.347826
解剖,2.347826
戒律,3.136364
金融,3.391304
经济,3.434783
旧闻,2.695652
决赛,1.956522
苦笑,2.391304
篮球,1.217391
类比,3.727273
俚语,3.0
沥青,1.434783
掠夺,2.869565
茅厕,1.565217
盟国,2.173913
渺茫,4.26087
明星,2.043478
鸣叫,2.26087
品评,3.454545
婆媳,1.782609
普通,3.363636
棋盘,1.434783
麒麟,2.045455
牵制,3.521739
敲诈,2.956522
驱逐,2.681818
热闹,3.0
撒种,2.181818
散步,1.826087
上进,3.409091
深海,2.434783
胜败,2.695652
失陪,3.0
石榴,1.272727
视点,3.318182
熟食,1.782609
酸雨,2.090909
堂皇,3.857143
讨论,2.956522
调子,3.272727
听觉,2.521739
突出,3.304348
团体,2.565217
外地,2.347826
外围,3.090909
呜呼,4.210526
无悔,3.714286
物资,2.347826
香水,1.608696
小心,3.272727
信件,1.565217
信息,3.217391
杏林,2.391304
虚拟,3.869565
悬挂,2.521739
伊朗,1.478261
英俊,3.434783
悠久,3.304348
邮轮,1.608696
犹如,4.181818
元年,3.136364
跃动,3.409091
云层,2.434783
责备,3.086957
珍贵,3.347826
支配,3.304348
只求,3.611111
中年,2.714286
捉拿,2.681818
宗师,3.0
做东,3.26087
败军,2.529412
薄饼,1.470588
豹子,1.333333
爆竹,1.485714
杯子,1.314286
北岸,2.647059
本周,2.142857
禀告,2.942857
病态,3.228571
布丁,1.828571
常识,3.4
嫦娥,2.314286
沉醉,3.727273
成败,3.485714
成语,2.8
筹备,3.0
处女,1.885714
慈善,2.647059
存货,2.4
导弹,1.457143
冬装,1.8
逗留,3.0
独裁,3.0
俄国,1.558824
恶果,3.571429
发病,2.735294
反差,3.545455
分裂,3.257143
付账,1.714286
赴约,2.029412
告白,2.742857
工具,2.5
工人,1.828571
工艺,3.428571
供应,3.242424
焊接,1.911765
好色,2.771429
糊口,3.558824
互通,3.121212
华人,1.828571
汇合,3.088235
继母,1.6
家务,2.314286
监考,1.882353
搅扰,3.441176
接济,2.885714
竭尽,3.484848
界线,2.685714
京剧,1.714286
就算,4.25
看法,3.5
咳嗽,1.828571
口角,2.470588
框架,3.0
离婚,1.6
礼服,1.628571
荔枝,1.314286
刘海,1.828571
流感,2.0
漏网,2.969697
迈进,3.606061
毛笔,1.314286
名片,1.714286
慕名,3.371429
能力,3.647059
拍戏,2.085714
排练,2.457143
拚命,3.142857
平庸,3.657143
启发,3.735294
强大,3.411765
抢修,2.285714
清楚,3.342857
认证,3.0
日程,2.685714
设定,3.657143
申请,2.8125
失眠,2.257143
施肥,2.085714
时兴,3.823529
释然,4.176471
收费,2.171429
守夜,2.0
死神,3.142857
蓑衣,1.823529
锁头,1.84375
坦承,3.428571
讨厌,3.371429
土法,3.730769
外衣,1.657143
忘我,4.0
胃口,3.147059
卧床,2.228571
希望,4.171429
习惯,3.441176
喜庆,2.794118
下届,2.848485
显现,3.628571
线性,3.96875
象形,3.647059
潇洒,3.558824
校长,1.4
心灵,3.942857
羞愧,3.4
寻找,3.090909
训话,2.8
鸭蛋,1.181818
腌制,2.235294
羊奶,1.342857
洋人,2.147059
养病,2.542857
摇曳,3.575758
引诱,3.382353
油轮,1.428571
幼儿,1.742857
孕妇,1.428571
运河,1.857143
长矛,1.628571
蜘蛛,1.352941
挚友,2.542857
中心,2.969697
主婚,2.636364
嘱咐,3.085714
作风,3.714286
跋涉,3.30303
半死,3.647059
保持,3.428571
奔驰,2.030303
婢女,2.257143
鞭打,2.088235
博爱,3.529412
布景,2.878788
超市,1.514286
陈述,3.028571
趁机,3.514286
出租,2.272727
除恶,2.941176
传授,3.142857
醇厚,3.771429
粗俗,3.257143
存折,1.885714
盗窃,2.4
悼念,3.058824
抵制,3.228571
奠定,3.885714
洞穴,1.828571
独处,2.714286
发现,2.885714
法网,3.457143
愤怒,2.885714
概况,3.428571
果仁,1.742857
过节,2.323529
海底,2.2
寒冷,2.628571
嚎哭,2.6
好奇,3.484848
浩大,3.914286
哄动,3.580645
忽略,3.514286
嘉奖,2.914286
剪刀,1.457143
矫健,3.314286
锦囊,2.676471
景物,2.542857
迥异,3.848485
鞠躬,2.257143
开发,3.714286
客观,4.0
老虎,1.285714
老实,3.6
理论,3.676471
连接,3.114286
凉亭,1.676471
猎人,1.485714
留级,2.428571
楼房,1.514286
麻疹,1.727273
马夫,1.735294
卖艺,2.735294
毛巾,1.314286
懵懂,4.0
名义,3.911765
拟定,3.828571
牛郎,2.272727
牛乳,1.485714
拍手,1.6
袍子,1.914286
赔罪,3.171429
盆栽,1.742857
批发,2.742857
批准,3.114286
票价,2.285714
平反,3.411765
期刊,2.228571
旗帜,1.705882
起伏,3.6
怯场,3.4
拳法,2.393939
人像,2.057143
丧假,2.69697
森林,1.6
沙发,1.4
释义,3.714286
受制,3.742857
水产,2.228571
水缸,1.4
死党,2.657143
随便,3.885714
胎儿,1.8
题材,3.142857
天窗,1.84375
同学,1.885714
头目,2.285714
投胎,3.5
团圆,3.114286
推崇,3.735294
推荐,2.971429
完整,2.914286
顽强,3.685714
宛如,3.942857
威胁,3.457143
唯一,3.088235
猥琐,3.558824
唏嘘,3.6875
奚落,3.676471
瞎说,3.428571
心脏,1.657143
兴旺,3.470588
幸福,3.457143
遗失,2.885714
印堂,2.4
庸俗,3.735294
鱼鳞,1.628571
逾期,3.085714
杂食,2.514286
债主,2.0
毡帽,1.606061
蒸发,3.285714
正派,3.257143
证人,1.942857
朱红,2.424242
主管,2.142857
住口,2.823529
自主,3.176471
奏效,3.371429
祖传,3.057143
安顿,2.633333
报失,3.0
必败,2.3
标题,1.566667
表弟,1.233333
并肩,2.533333
病人,1.5
菜谱,1.533333
禅修,3.448276
厂长,1.466667
抄袭,2.241379
带病,2.448276
待定,3.3
弹簧,1.448276
倒叙,2.833333
灯笼,1.333333
钓竿,1.4
动情,3.533333
度假,2.0
对白,2.1
干果,1.633333
供求,2.689655
构造,2.8
估算,3.3
故障,2.3
瓜果,1.533333
关于,3.464286
规划,3.033333
鬼魂,3.571429
黑手,3.482759
浑身,2.666667
基因,2.533333
既然,3.62069
礁石,1.633333
解释,2.866667
经过,3.206897
君子,2.821429
开始,2.433333
慷慨,2.833333
烤鸭,1.3
瞌睡,2.133333
苦海,3.9
阔别,3.366667
累及,3.826087
利刃,2.62069
撩乱,3.52
燎原,3.633333
领导,1.793103
骡子,1.5
麦芽,1.466667
脉冲,3.103448
美军,1.766667
迷路,2.033333
魔术,2.3
泥浆,1.566667
年假,1.724138
宁可,3.666667
奴役,2.833333
讴歌,3.233333
攀登,1.933333
配给,3.413793
癖好,2.733333
旗袍,1.3
汽水,1.333333
亲情,2.733333
亲热,2.9
仁慈,3.166667
砂糖,1.433333
商人,1.766667
盛事,3.0
饰物,1.966667
释放,3.366667
首脑,2.103448
顺从,3.1
司令,1.433333
袒护,3.0
提前,2.586207
体魄,2.666667
田螺,1.333333
通宵,1.866667
同伴,1.862069
偷窃,1.833333
投入,3.033333
蛙人,2.461538
外传,3.357143
蟋蟀,1.3
洗尘,3.266667
洗礼,3.551724
险阻,3.206897
现役,2.5
向往,3.3
蝎子,1.266667
信赖,3.1
悬殊,3.633333
旋律,3.0
哑巴,1.466667
颜色,1.793103
遥望,3.233333
咬牙,1.896552
倚重,3.310345
阴沉,3.4
泳池,1.433333
用处,2.793103
用功,2.931034
用刑,2.366667
邮差,1.5
圆梦,3.068966
月食,1.566667
运转,3.034483
葬礼,1.733333
粘膜,2.5
占卜,2.827586
榛子,1.566667
阵风,2.62069
正常,2.862069
证件,1.466667
症状,2.4
止咳,2.0
纸袋,1.533333
重逢,2.966667
周围,2.866667
紫色,1.333333
左侧,1.7
作息,2.366667
版权,2.666667
半空,3.1
包办,3.034483
参拜,2.655172
沧海,3.333333
草药,1.866667
草纸,1.733333
嘲笑,2.933333
成分,2.766667
承受,3.241379
出现,2.896552
厨师,1.3
打赌,2.766667
捣乱,2.866667
到期,2.6
抵押,2.533333
地利,3.392857
帝王,1.633333
典范,3.1
丢脸,3.1
反叛,3.133333
犯法,2.066667
服役,2.3
妇女,1.433333
高中,1.5
耿直,3.233333
勾引,3.035714
古语,2.733333
顾念,3.607143
拐卖,2.2
观众,1.6
光年,2.333333
果酱,1.6
海啸,1.666667
合力,3.3
虹吸,3.04
后裔,2.266667
悔改,2.9
火箭,1.466667
激流,2.866667
急躁,2.933333
假说,3.533333
奸夫,1.9
借贷,2.4
筋斗,2.866667
筋骨,1.966667
井水,1.366667
眷顾,3.172414
决意,3.6
勘探,2.6
可贵,3.366667
累积,3.033333
理性,3.333333
连长,1.533333
莲花,1.333333
量刑,2.62069
踉跄,3.366667
凌辱,3.133333
领地,2.1
留堂,2.692308
留心,3.0
论文,1.566667
盲肠,1.6
盟军,2.166667
猛烈,3.266667
秘密,2.827586
排泄,1.857143
批斗,2.433333
拼图,1.862069
凭空,3.766667
歧视,3.2
启事,2.724138
起诉,2.5
器材,1.533333
擒拿,2.4
青松,1.689655
求职,1.966667
圈套,2.766667
全盛,3.482759
全新,2.592593
群岛,1.933333
韧带,1.8
少林,1.740741
声浪,2.758621
诗歌,1.833333
手指,1.4
熟悉,3.137931
搜集,2.966667
太平,3.321429
糖水,1.5
天空,1.433333
透视,2.724138
挽救,2.9
闻名,3.344828
诬蔑,3.166667
无害,2.9
细则,2.8
限额,2.551724
骁勇,3.6
笑话,2.275862
鞋带,1.3
星期,2.233333
腥臭,2.4
雄狮,1.533333
修正,3.137931
宣泄,3.25
亚洲,1.6
艳阳,2.333333
样板,2.333333
窈窕,3.7
医生,1.366667
佚名,2.931034
引擎,2.034483
召集,2.733333
召募,2.896552
真相,2.827586
镇静,3.133333
芝士,1.633333
痔疮,1.466667
中午,1.966667
重压,3.133333
子孙,1.9
租约,2.482759
摆设,2.84
比例,2.423077
贬值,2.84
步兵,1.44
部门,2.307692
嘈杂,2.84
草木,2.076923
差别,3.538462
畅快,3.307692
畅谈,2.961538
朝廷,2.24
称职,3.076923
丞相,1.6
筹码,2.769231
储物,2.346154
触手,2.84
雌性,1.615385
窜改,3.230769
担架,1.346154
法文,2.115385
翻版,2.846154
反胃,2.346154
飞禽,2.076923
分期,2.307692
奋战,3.423077
糕点,1.384615
共振,3.44
雇员,1.692308
皈依,3.782609
海报,1.692308
汗水,1.576923
豪门,3.038462
花招,3.730769
划船,1.461538
环抱,2.346154
浣熊,1.538462
慌忙,3.115385
会谈,2.692308
火鸡,1.576923
鸡蛋,1.038462
集团,2.692308
剂量,3.115385
检点,3.64
降级,2.307692
觉得,4.041667
街灯,1.538462
街坊,1.961538
节哀,3.08
解放,3.230769
精力,3.384615
警察,1.192308
考虑,3.48
口音,2.576923
懒虫,3.076923
劳动,2.423077
历史,2.807692
笼络,3.64
楼价,2.576923
旅馆,1.5
毛发,1.461538
梦游,3.038462
绵延,3.76
霓虹,2.846154
炮制,3.583333
旗舰,2.875
亲属,1.615385
清理,2.653846
琼浆,3.173913
润饰,3.789474
杀价,3.423077
傻瓜,2.807692
神童,2.807692
渗透,3.461538
手艺,3.0
守信,2.653846
属于,3.521739
署名,2.192308
怂恿,3.692308
俗语,2.88
损害,2.961538
损伤,2.5
所属,3.625
铜牌,1.384615
统一,3.0
图腾,3.08
兔子,1.038462
王子,2.192308
威势,3.692308
维和,3.346154
畏缩,3.538462
污染,2.538462
仙鹤,2.307692
娴熟,3.423077
厢房,1.84
笑容,2.0
效力,3.269231
薪火,3.521739
幸运,3.923077
宣判,2.461538
压抑,3.538462
阉割,2.4
眼光,3.423077
谚语,2.68
议论,2.884615
银杏,1.192308
拥抱,1.730769
诱因,3.730769
冤情,3.115385
允诺,3.346154
诈骗,2.884615
照顾,2.923077
照耀,3.16
着数,3.6
贞洁,3.32
政治,3.038462
质询,3.12
逐渐,3.461538
主持,2.269231
撞倒,1.807692
资金,1.653846
字数,1.384615
踪迹,2.769231
尊崇,3.730769
座垫,1.24
按照,3.307692
版画,2.038462
别致,3.653846
部署,2.846154
参照,3.192308
惨剧,2.884615
草图,2.230769
车身,1.5
赤贫,3.409091
冲击,3.384615
存亡,3.0
打闹,2.5
当家,2.730769
得失,3.115385
登场,2.36
等于,2.269231
缔结,3.272727
电动,2.384615
电子,2.230769
动听,3.615385
独立,3.192308
珐琅,2.368421
凡事,3.44
方可,3.454545
风流,3.730769
伏笔,3.423077
负数,2.0
富豪,2.615385
攻陷,3.038462
共鸣,3.52
沟渠,2.28
观念,3.769231
管工,2.48
管状,2.384615
贯彻,3.4
汉字,1.384615
行程,2.346154
豪华,3.08
浩荡,3.346154
合谋,3.307692
恒久,3.72
横财,2.666667
轰炸,2.115385
呼吸,1.961538
黄金,1.2
绘图,1.769231
集会,2.307692
挟持,2.84
坚毅,3.576923
缄默,3.26087
简直,3.625
骄傲,3.153846
皎洁,3.269231
脚跟,1.653846
较量,3.423077
今生,3.0
谨慎,3.038462
酒吧,1.28
考究,3.230769
夸口,3.5
冷汗,2.307692
例外,2.84
聆听,2.807692
笼子,1.384615
录取,1.807692
路障,2.038462
马甲,2.038462
面善,3.307692
摸黑,2.961538
牟利,3.041667
跑腿,2.653846
撇下,2.96
平价,3.0
仆人,1.461538
蒲扇,1.384615
其实,3.625
其他,3.772727
弃权,2.615385
千万,3.6
前奏,2.52
墙纸,1.5
腮腺,2.16
山谷,1.576923
蛇头,2.153846
胜利,2.807692
盛怒,3.16
世代,3.423077
市郊,2.115385
收市,2.636364
受苦,3.346154
数学,2.076923
衰弱,3.461538
寺庙,1.230769
滩头,2.12
探索,3.576923
通商,2.791667
投靠,2.961538
喜剧,2.230769
喜帖,1.576923
细心,3.4
享乐,3.423077
象牙,1.269231
续借,3.12
选手,1.68
学问,3.461538
移民,1.884615
应用,3.0
用力,2.769231
由衷,3.615385
渔民,1.461538
语言,2.192308
缘起,3.68
源头,2.884615
粤语,1.730769
遭受,3.384615
展望,3.615385
照着,3.4
枕头,1.269231
只好,3.625
直视,2.576923
制衡,3.36
制作,2.461538
坐镇,3.115385
报刊,1.821429
鲍鱼,1.321429
辩护,3.407407
病症,3.035714
博物,3.692308
布局,3.464286
茶点,2.0
常理,3.607143
车牌,1.464286
车胎,1.107143
成就,3.642857
处理,3.392857
垂钓,1.928571
搭救,2.642857
捣碎,2.321429
道士,1.642857
德文,2.142857
低迷,3.357143
电力,2.333333
刁民,2.5
冬瓜,1.107143
动向,3.807692
豆浆,1.25
对联,1.892857
扼要,3.592593
凡间,3.36
非议,3.62963
分享,3.142857
辅导,3.071429
复古,3.678571
复习,2.821429
感想,4.107143
干脆,3.111111
格式,3.0
个人,2.518519
根部,2.407407
公牛,1.703704
购物,2.035714
顾主,2.407407
冠军,1.785714
孩童,1.678571
和尚,1.392857
画风,4.214286
画家,1.892857
怀疑,3.428571
皇宫,1.857143
积怨,3.5
基调,4.142857
煎熬,3.464286
见鬼,3.8
焦急,3.178571
叫骂,2.407407
叫声,2.25
酒杯,1.428571
旧式,3.37037
救济,3.107143
竣工,2.37037
开端,2.925926
刊登,2.642857
可是,3.666667
可喜,3.148148
库房,1.678571
魁梧,2.777778
褴褛,3.185185
乐意,3.142857
劣等,3.5
毛毯,1.428571
美元,1.571429
魅力,3.814815
名额,2.535714
明君,2.846154
冥想,3.928571
摹仿,2.892857
母婴,2.0
怒火,3.285714
配角,2.75
翩翩,4.166667
气温,2.428571
契约,2.571429
前瞻,3.692308
抢先,3.178571
窃贼,1.642857
缺口,2.892857
日用,2.777778
沙包,1.888889
山峰,1.678571
伤疤,1.75
上网,2.25
上周,1.928571
舌战,2.962963
身材,2.321429
实际,3.043478
世纪,2.777778
手记,2.5
肃穆,3.740741
贪婪,3.222222
坦诚,3.666667
坦率,3.222222
提议,2.925926
统治,3.111111
推广,2.740741
脱发,1.571429
舞伴,1.75
雾气,2.392857
喜爱,3.0
限界,3.592593
穴居,2.407407
盐矿,1.592593
要紧,3.518519
异端,3.56
易经,2.259259
音叉,2.75
影片,2.178571
有福,3.821429
元音,2.68
院长,1.678571
震荡,2.962963
正数,2.444444
指甲,1.5
侏儒,2.214286
主导,3.535714
转让,2.892857
自古,3.518519
祖父,1.357143
巴士,1.357143
保释,2.928571
报恩,3.214286
奔走,2.785714
臂膀,1.769231
不过,3.956522
部落,2.178571
财富,3.111111
豺狼,2.074074
衬衫,1.357143
城堡,1.678571
创造,3.75
匆忙,3.464286
篡改,3.148148
大忌,3.851852
带领,3.071429
抵偿,3.222222
店员,1.703704
独占,2.923077
翻越,3.148148
泛滥,3.481481
翡翠,1.642857
分隔,2.888889
负心,3.653846
负重,2.857143
高升,3.037037
搁浅,3.25
古怪,3.821429
骨骼,1.592593
海鸥,1.392857
旱季,2.75
行骗,3.0
护理,2.75
滑雪,1.857143
化学,2.607143
昏庸,3.333333
见状,3.727273
降临,3.321429
交际,3.074074
胶水,1.714286
接见,2.857143
姐弟,1.5
进入,2.88
浸水,2.678571
惊讶,3.214286
精美,3.535714
敬爱,3.357143
纠结,3.714286
劳损,3.518519
联欢,2.76
灵柩,2.185185
美容,2.75
迷信,3.5
偶像,2.62963
缥缈,3.925926
破碎,2.964286
洽谈,3.142857
切合,3.76
请教,3.0
曲谱,1.928571
日报,1.740741
柔和,3.357143
塞车,1.928571
煞车,2.52381
闪电,1.535714
上天,3.52
设施,2.5
师团,2.32
蚀刻,3.25
使徒,2.869565
士气,3.714286
嗜好,3.25
授课,2.214286
梳妆,2.5
舒服,3.535714
疏通,3.153846
双人,1.964286
税金,1.964286
堂会,2.481481
天边,3.296296
田园,2.214286
铁汉,2.703704
童年,2.392857
统领,2.703704
瓦片,1.392857
外号,2.666667
顽固,3.607143
万民,3.2
旺季,3.321429
萎缩,3.115385
温馨,3.642857
稳定,3.25
无常,3.583333
舞弊,3.148148
夕阳,2.222222
闲谈,2.785714
消费,2.785714
消失,3.142857
晓得,3.37037
效忠,3.259259
撷取,3.148148
欣赏,3.222222
凶手,1.821429
兄弟,1.571429
燕子,1.37037
业主,1.964286
姨妈,1.692308
引入,3.384615
硬盘,1.535714
浴室,1.321429
预计,3.5
院校,1.928571
宅门,1.851852
珍珠,1.321429
争取,3.25
制度,2.714286
智慧,3.892857
朱砂,1.740741
状告,2.928571
准将,2.714286
自此,3.44
粽子,1.464286
嘴脸,2.518519
